title,total,price,qu,lu,xiaoqu,huxing,louceng,mianji,taoneimianji,jianzhuleixing,chaoxiang,jianchengniandai,zhuangxiuqingkuang,jianzhujiegou,gongnuanfangshi,tihubili,dianti,jiaoyishuxing,fangwuyongtu,chanquannianxian
阳二小区1室1厅36.86平米_上海阳二小区二手房成交房源(上海链家),200,54260,浦东,洋泾,阳二小区,1室1厅1厨1卫,高楼层(共6层),36.86㎡,平层,板楼,南,1994,简装,砖混结构,,一梯四户,无,商品房,普通住宅,暂无数据
泗塘三村1室1厅28.52平米_上海泗塘三村二手房成交房源(上海链家),146,51193,宝山,张庙,泗塘三村,1室1厅1厨1卫,低楼层(共5层),28.52㎡,平层,板楼,南,1985,精装,砖混结构,,一梯四户,无,商品房,普通住宅,暂无数据
华高一村2室1厅77.27平米_上海华高一村二手房成交房源(上海链家),312,40378,浦东,高行,华高一村,2室1厅1厨1卫,高楼层(共6层),77.27㎡,平层,板楼,南,1994,简装,砖混结构,,一梯两户,无,商品房,普通住宅,暂无数据
田林十二村1室1厅32.15平米_上海田林十二村二手房成交房源(上海链家),306,95179,徐汇,田林,田林十二村,1室1厅1厨1卫,低楼层(共7层),32.15㎡,平层,板楼,南,1987,简装,钢混结构,,一梯四户,无,商品房,普通住宅,暂无数据
合生城邦四街坊2室2厅90.2平米_上海合生城邦四街坊二手房成交房源(上海链家),321,35588,闵行,老闵行,合生城邦四街坊,2室2厅1厨1卫,低楼层(共18层),90.2㎡,平层,板楼,南北,2012,精装,钢混结构,,两梯三户,有,商品房,普通住宅,暂无数据
长春小区2室1厅66.35平米_上海长春小区二手房成交房源(上海链家),455,68576,徐汇,田林,长春小区,2室1厅0厨1卫,中楼层(共6层),66.35㎡,平层,板楼,南,1994,精装,砖混结构,,一梯两户,无,商品房,普通住宅,暂无数据
景舒苑一村1室1厅49.14平米_上海景舒苑一村二手房成交房源(上海链家),216,43957,闵行,浦江,景舒苑一村,1室1厅1厨1卫,高楼层(共6层),49.14㎡,平层,板楼,南北,2005,简装,钢混结构,,一梯两户,无,商品房,普通住宅,暂无数据
田林十二村2室1厅47.63平米_上海田林十二村二手房成交房源(上海链家),411,86291,徐汇,田林,田林十二村,2室1厅1厨1卫,中楼层(共6层),47.63㎡,平层,板楼,南,1985,简装,砖混结构,,一梯四户,无,商品房,普通住宅,暂无数据
阳光威尼斯(三期)3室1厅90.49平米_上海阳光威尼斯(三期)二手房成交房源(上海链家),386,42657,普陀,真光,阳光威尼斯(三期),3室1厅1厨1卫,中楼层(共26层),90.49㎡,平层,板楼,东南北,2006,简装,钢混结构,,两梯五户,有,商品房,普通住宅,暂无数据
新长小区1室0厅34.98平米_上海新长小区二手房成交房源(上海链家),176,50315,普陀,甘泉宜川,新长小区,1室0厅1厨1卫,中楼层(共6层),34.98㎡,平层,板楼,南,1993,简装,砖混结构,,一梯五户,无,商品房,普通住宅,暂无数据
圣陶沙花园(公寓)3室2厅107.6平米_上海圣陶沙花园(公寓)二手房成交房源(上海链家),525,48792,闵行,莘庄,圣陶沙花园(公寓),3室2厅1厨1卫,低楼层(共9层),107.6㎡,平层,板楼,南,2001,精装,钢混结构,,一梯两户,有,商品房,普通住宅,暂无数据
中恒苑2室1厅92.56平米_上海中恒苑二手房成交房源(上海链家),492,53155,徐汇,植物园,中恒苑,2室1厅1厨1卫,中楼层(共6层),92.56㎡,平层,板楼,南,1998,简装,砖混结构,,一梯两户,无,商品房,普通住宅,暂无数据
绿地领海(商业类)3室2厅50.95平米_上海绿地领海(商业类)二手房成交房源(上海链家),109,21394,宝山,上大,绿地领海(商业类),3室2厅0厨2卫,中楼层(共18层),50.95㎡,暂无数据,塔楼,北,未知,精装,钢混结构,,二十梯十五户,有,商品房,商业办公类,暂无数据
竹园公寓2室1厅77.43平米_上海竹园公寓二手房成交房源(上海链家),207,26734,嘉定,菊园新区,竹园公寓,2室1厅1厨1卫,中楼层(共6层),77.43㎡,平层,板楼,南,1994,简装,砖混结构,,一梯两户,无,商品房,普通住宅,暂无数据
贝尚湾(公寓)1室2厅64.77平米_上海贝尚湾(公寓)二手房成交房源(上海链家),337,52031,松江,九亭,贝尚湾(公寓),1室2厅0厨1卫,中楼层(共16层),64.77㎡,平层,板楼,南,2012,精装,钢混结构,,两梯四户,有,商品房,普通住宅,暂无数据
红明二村2室1厅61.48平米_上海红明二村二手房成交房源(上海链家),304,49366,闵行,静安新城,红明二村,2室1厅1厨1卫,高楼层(共6层),61.48㎡,平层,板楼,南,1994,精装,砖混结构,,一梯四户,无,商品房,普通住宅,暂无数据
樱花坊2室1厅73.87平米_上海樱花坊二手房成交房源(上海链家),613,82984,浦东,花木,樱花坊,2室1厅1厨1卫,低楼层(共6层),73.87㎡,平层,板楼,南,1995,精装,砖混结构,,一梯两户,无,商品房,普通住宅,暂无数据
临港海滨国际花园2室2厅86.16平米_上海临港海滨国际花园二手房成交房源(上海链家),193,22401,浦东,临港新城,临港海滨国际花园,2室2厅1厨1卫,中楼层(共12层),86.16㎡,平层,板楼,东,2011,精装,钢混结构,,一梯五户,有,商品房,普通住宅,暂无数据
江海二村(奉贤)2室2厅86.27平米_上海江海二村(奉贤)二手房成交房源(上海链家),138,15997,奉贤,南桥,江海二村(奉贤),2室2厅1厨1卫,中楼层(共6层),86.27㎡,平层,板楼,南,1995,毛坯,砖混结构,,一梯两户,无,商品房,普通住宅,暂无数据
蔚蓝城市花园2室2厅95.94平米_上海蔚蓝城市花园二手房成交房源(上海链家),708,73797,闵行,古美,蔚蓝城市花园,2室2厅1厨1卫,中楼层(共14层),95.94㎡,暂无数据,板楼,南,2004,精装,钢混结构,,一梯两户,有,商品房,普通住宅,暂无数据
沧源小区2室1厅55.04平米_上海沧源小区二手房成交房源(上海链家),223,40516,闵行,老闵行,沧源小区,2室1厅1厨1卫,高楼层(共6层),55.04㎡,暂无数据,板楼,南,1994,简装,砖混结构,,一梯三户,无,商品房,普通住宅,暂无数据
仁恒运杰河滨花园1室2厅78.17平米_上海仁恒运杰河滨花园二手房成交房源(上海链家),262,33517,青浦,夏阳,仁恒运杰河滨花园,1室2厅1厨1卫,中楼层(共18层),78.17㎡,平层,板楼,南,2010,其他,钢混结构,,两梯四户,有,商品房,普通住宅,暂无数据
御沁园(公寓)3室2厅115.45平米_上海御沁园(公寓)二手房成交房源(上海链家),610,52837,浦东,周浦,御沁园(公寓),3室2厅1厨2卫,高楼层(共21层),115.45㎡,暂无数据,板楼,南,2013,毛坯,钢混结构,,两梯三户,有,商品房,普通住宅,暂无数据
上南八村1室0厅29.58平米_上海上南八村二手房成交房源(上海链家),162,54767,浦东,世博,上南八村,1室0厅1厨1卫,高楼层(共6层),29.58㎡,平层,板楼,南,1986,简装,砖混结构,,一梯四户,无,商品房,普通住宅,暂无数据
龙湖紫都城3室2厅90.84平米_上海龙湖紫都城二手房成交房源(上海链家),364,40071,青浦,赵巷,龙湖紫都城,3室2厅1厨1卫,中楼层(共22层),90.84㎡,平层,板楼,南,未知,精装,钢混结构,,两梯四户,有,商品房,普通住宅,暂无数据
康健路25弄1室1厅36.27平米_上海康健路25弄二手房成交房源(上海链家),322,88779,徐汇,康健,康健路25弄,1室1厅1厨1卫,低楼层(共5层),36.27㎡,平层,板楼,南,1979,精装,砖混结构,,一梯五户,无,商品房,普通住宅,暂无数据
日月华庭4室3厅211.5平米_上海日月华庭二手房成交房源(上海链家),570,26951,闵行,颛桥,日月华庭,4室3厅1厨3卫,高楼层(共6层),211.5㎡,复式,板楼,南,2004,精装,钢混结构,,一梯两户,无,商品房,普通住宅,暂无数据
凯德新视界(一期)2室2厅83.7平米_上海凯德新视界(一期)二手房成交房源(上海链家),162,19355,浦东,万祥镇,凯德新视界(一期),2室2厅1厨1卫,中楼层(共18层),83.7㎡,平层,板楼,南,2015,精装,钢混结构,,两梯四户,有,商品房,普通住宅,暂无数据
潍坊九村2室1厅49.48平米_上海潍坊九村二手房成交房源(上海链家),425,85894,浦东,潍坊,潍坊九村,2室1厅1厨1卫,中楼层(共6层),49.48㎡,平层,板楼,南,1986,精装,砖混结构,,一梯四户,无,商品房,普通住宅,暂无数据
申莘三村2室2厅80.02平米_上海申莘三村二手房成交房源(上海链家),302,37679,闵行,颛桥,申莘三村,2室2厅1厨1卫,高楼层(共6层),80.02㎡,暂无数据,板楼,南,1998,简装,砖混结构,,一梯两户,无,商品房,普通住宅,暂无数据
康桥水都(公寓)2室1厅78.01平米_上海康桥水都(公寓)二手房成交房源(上海链家),320,41021,宝山,杨行,康桥水都(公寓),2室1厅0厨1卫,高楼层(共11层),78.01㎡,暂无数据,板楼,南,2007,毛坯,钢混结构,,一梯三户,有,商品房,普通住宅,暂无数据
万科城市花园3室2厅94.67平米_上海万科城市花园二手房成交房源(上海链家),493,52076,闵行,七宝,万科城市花园,3室2厅0厨2卫,中楼层(共7层),94.67㎡,平层,板楼,南,1994,简装,钢混结构,,一梯两户,无,商品房,普通住宅,暂无数据
朗诗未来街区2室2厅68平米_上海朗诗未来街区二手房成交房源(上海链家),208,30589,奉贤,奉贤金汇,朗诗未来街区,2室2厅1厨1卫,中楼层(共5层),68㎡,暂无数据,板楼,南北,2015,简装,钢混结构,,一梯两户,无,商品房,普通住宅,暂无数据
古北菊翔苑(菊联路232弄)2室2厅74.91平米_上海古北菊翔苑(菊联路232弄)二手房成交房源(上海链家),285,38046,宝山,顾村,古北菊翔苑(菊联路232弄),2室2厅1厨1卫,中楼层(共8层),74.91㎡,平层,板楼,南,2008,精装,钢混结构,,一梯三户,有,商品房,普通住宅,暂无数据
民乐佳苑三区2室1厅67.65平米_上海民乐佳苑三区二手房成交房源(上海链家),200,29564,青浦,盈浦,民乐佳苑三区,2室1厅0厨1卫,高楼层(共5层),67.65㎡,平层,板楼,南,2006,毛坯,钢混结构,,一梯两户,无,动迁安置房,普通住宅,暂无数据
科宁公寓1室1厅44.68平米_上海科宁公寓二手房成交房源(上海链家),235,52597,长宁,中山公园,科宁公寓,1室1厅1厨1卫,低楼层(共24层),44.68㎡,平层,塔楼,南,1991,精装,钢混结构,,两梯十二户,有,商品房,普通住宅,暂无数据
阳光城MODO自由区3室2厅62平米_上海阳光城MODO自由区二手房成交房源(上海链家),200,32259,浦东,高行,阳光城MODO自由区,3室2厅1厨2卫,低楼层(共20层),62㎡,暂无数据,塔楼,东北,2014,精装,钢混结构,,四梯二十三户,有,商品房,商业办公类,暂无数据
金杨二街坊2室1厅61.75平米_上海金杨二街坊二手房成交房源(上海链家),297,48098,浦东,金杨,金杨二街坊,2室1厅1厨1卫,高楼层(共7层),61.75㎡,平层,板楼,东南,1995,简装,砖混结构,,一梯四户,无,商品房,普通住宅,暂无数据
天际蓝桥1室1厅60.51平米_上海天际蓝桥二手房成交房源(上海链家),295,48753,嘉定,江桥,天际蓝桥,1室1厅1厨1卫,中楼层(共17层),60.51㎡,平层,板楼,南,2011,精装,钢混结构,,两梯四户,有,商品房,普通住宅,暂无数据
怡泰家苑3室2厅113.27平米_上海怡泰家苑二手房成交房源(上海链家),678,59857,浦东,世博,怡泰家苑,3室2厅1厨1卫,中楼层(共6层),113.27㎡,平层,板楼,南,2001,精装,钢混结构,,一梯两户,无,商品房,普通住宅,暂无数据
寿一小区1室1厅40.71平米_上海寿一小区二手房成交房源(上海链家),185,45444,浦东,金桥,寿一小区,1室1厅1厨1卫,高楼层(共6层),40.71㎡,平层,板楼,南,1994,简装,砖混结构,,一梯两户,无,商品房,普通住宅,暂无数据
首创旭辉城3室2厅85.41平米_上海首创旭辉城二手房成交房源(上海链家),214,25056,嘉定,徐行,首创旭辉城,3室2厅1厨1卫,低楼层(共21层),85.41㎡,平层,板楼,南,未知,精装,钢混结构,,一梯三户,暂无数据,商品房,普通住宅,暂无数据
鸿玺郡(北区)(别墅)4室2厅289平米_上海鸿玺郡(北区)(别墅)二手房成交房源(上海链家),580,20070,青浦,朱家角,鸿玺郡(北区)(别墅),4室2厅1厨3卫,低楼层(共3层),289㎡,暂无数据,板塔结合,南,未知,毛坯,钢混结构,,一梯一户,暂无数据,商品房,别墅,暂无数据
真光七街坊1室0厅40.85平米_上海真光七街坊二手房成交房源(上海链家),190,46512,普陀,真光,真光七街坊,1室0厅1厨1卫,中楼层(共6层),40.85㎡,平层,板楼,南,1994,简装,砖混结构,,一梯四户,无,商品房,普通住宅,暂无数据
古美八村3室1厅78.18平米_上海古美八村二手房成交房源(上海链家),415,53083,闵行,古美,古美八村,3室1厅1厨1卫,中楼层(共6层),78.18㎡,平层,板楼,南,1993,精装,砖混结构,,一梯两户,无,商品房,普通住宅,暂无数据
玉兰香苑二期B块1室1厅57.91平米_上海玉兰香苑二期B块二手房成交房源(上海链家),320,55259,浦东,张江,玉兰香苑二期B块,1室1厅1厨1卫,中楼层(共6层),57.91㎡,平层,板楼,南,2009,简装,砖混结构,,一梯两户,无,商品房,普通住宅,暂无数据
西环三村2室1厅58.98平米_上海西环三村二手房成交房源(上海链家),237,40099,闵行,莘庄,西环三村,2室1厅1厨1卫,低楼层(共6层),58.98㎡,平层,板楼,南北,1994,简装,砖混结构,,一梯两户,无,商品房,普通住宅,暂无数据
大上海国际花园六区3室2厅100.2平米_上海大上海国际花园六区二手房成交房源(上海链家),555,55340,闵行,静安新城,大上海国际花园六区,3室2厅1厨1卫,中楼层(共7层),100.2㎡,平层,板楼,南,1994,精装,砖混结构,,一梯两户,无,商品房,普通住宅,暂无数据
三林世博家园(板泉路2000弄)2室1厅76.33平米_上海三林世博家园(板泉路2000弄)二手房成交房源(上海链家),383,50177,浦东,杨思前滩,三林世博家园(板泉路2000弄),2室1厅1厨1卫,中楼层(共17层),76.33㎡,平层,板楼,南,2006,简装,钢混结构,,一梯四户,有,商品房,普通住宅,暂无数据
金唐公寓2室2厅79.3平米_上海金唐公寓二手房成交房源(上海链家),345,43506,浦东,唐镇,金唐公寓,2室2厅1厨1卫,中楼层(共6层),79.3㎡,平层,板楼,南北,2006,精装,钢混结构,,一梯两户,无,商品房,普通住宅,暂无数据
月浦十村2室1厅56.07平米_上海月浦十村二手房成交房源(上海链家),181,32282,宝山,月浦,月浦十村,2室1厅1厨1卫,低楼层(共6层),56.07㎡,平层,板楼,南,1990,精装,砖混结构,,一梯两户,无,商品房,普通住宅,暂无数据
乐业一村2室1厅57.57平米_上海乐业一村二手房成交房源(上海链家),188,32570,宝山,月浦,乐业一村,2室1厅1厨1卫,中楼层(共6层),57.57㎡,平层,板楼,北南,1994,简装,砖混结构,,一梯两户,无,商品房,普通住宅,暂无数据
绿川小区3室1厅83平米_上海绿川小区二手房成交房源(上海链家),365,43976,浦东,北蔡,绿川小区,3室1厅1厨1卫,高楼层(共6层),83㎡,平层,板楼,南,1996,精装,砖混结构,,一梯两户,无,商品房,普通住宅,暂无数据
万科四季花城车位27.76平米_上海万科四季花城二手房成交房源(上海链家),16,5692,宝山,杨行,万科四季花城,车位,地下室(共1层),27.76㎡,暂无数据,板楼,南,2009,其他,钢混结构,,暂无数据,无,商品房,车库,暂无数据
万科假日风景(公寓)2室2厅91平米_上海万科假日风景(公寓)二手房成交房源(上海链家),606,66594,闵行,莘庄,万科假日风景(公寓),2室2厅1厨1卫,中楼层(共6层),91㎡,暂无数据,板楼,南,2002,其他,钢混结构,,一梯两户,无,商品房,普通住宅,暂无数据
新凯城兰馨苑2室1厅71.88平米_上海新凯城兰馨苑二手房成交房源(上海链家),175,24319,松江,泗泾,新凯城兰馨苑,2室1厅1厨1卫,低楼层(共18层),71.88㎡,暂无数据,板楼,南,2015,其他,钢混结构,,一梯四户,有,商品房,普通住宅,暂无数据
凯虹家园3室2厅132.49平米_上海凯虹家园二手房成交房源(上海链家),870,65666,虹口,临平路,凯虹家园,3室2厅1厨2卫,高楼层(共33层),132.49㎡,复式,板楼,南,2001,精装,钢混结构,,两梯四户,有,商品房,普通住宅,暂无数据
王家宅小区2室1厅54.66平米_上海王家宅小区二手房成交房源(上海链家),369,67509,浦东,潍坊,王家宅小区,2室1厅1厨1卫,高楼层(共6层),54.66㎡,平层,板楼,南,1994,其他,砖混结构,,一梯三户,无,商品房,普通住宅,暂无数据
金桥新城2室2厅105.09平米_上海金桥新城二手房成交房源(上海链家),551,52432,浦东,金桥,金桥新城,2室2厅1厨1卫,低楼层(共14层),105.09㎡,平层,板楼,南,2004,简装,钢混结构,,一梯两户,有,商品房,普通住宅,暂无数据
海华花园2室2厅88.98平米_上海海华花园二手房成交房源(上海链家),780,87661,黄浦,打浦桥,海华花园,2室2厅1厨1卫,中楼层(共33层),88.98㎡,平层,板塔结合,东南,1994,精装,钢混结构,,三梯六户,有,商品房,普通住宅,暂无数据
亿豪名邸4室2厅189.02平米_上海亿豪名邸二手房成交房源(上海链家),1242,65681,闵行,七宝,亿豪名邸,4室2厅1厨0卫,低楼层(共3层),189.02㎡,复式,板楼,南,2002,精装,钢混结构,,一梯两户,无,商品房,普通住宅,暂无数据
大豪公寓3室2厅131.75平米_上海大豪公寓二手房成交房源(上海链家),310,23530,青浦,夏阳,大豪公寓,3室2厅1厨2卫,中楼层(共5层),131.75㎡,平层,板楼,南,2001,精装,钢混结构,,一梯两户,无,商品房,普通住宅,暂无数据
嘉善坊3室1厅79.23平米_上海嘉善坊二手房成交房源(上海链家),308,38875,嘉定,丰庄,嘉善坊,3室1厅1厨1卫,高楼层(共6层),79.23㎡,平层,板楼,南,1997,精装,砖混结构,,一梯三户,无,商品房,普通住宅,暂无数据
静安新城十区1室1厅52.11平米_上海静安新城十区二手房成交房源(上海链家),291,55844,闵行,静安新城,静安新城十区,1室1厅1厨1卫,中楼层(共6层),52.11㎡,平层,板楼,南,1997,精装,砖混结构,,一梯两户,无,商品房,普通住宅,暂无数据
天居玲珑湾2室2厅90.26平米_上海天居玲珑湾二手房成交房源(上海链家),232,25704,嘉定,徐行,天居玲珑湾,2室2厅1厨1卫,高楼层(共16层),90.26㎡,平层,板楼,南,2013,精装,钢混结构,,一梯四户,暂无数据,商品房,普通住宅,暂无数据
崧泽华城佳福雅苑（五区）2室1厅77.9平米_上海崧泽华城佳福雅苑（五区）二手房成交房源(上海链家),221,28306,青浦,赵巷,崧泽华城佳福雅苑（五区）,2室1厅1厨1卫,高楼层(共17层),77.9㎡,平层,板楼,南,未知,毛坯,钢混结构,,两梯四户,有,动迁安置房,普通住宅,暂无数据
江海花园3室1厅99.64平米_上海江海花园二手房成交房源(上海链家),219,21909,奉贤,南桥,江海花园,3室1厅1厨2卫,高楼层(共6层),99.64㎡,平层,板楼,南,2000,精装,砖混结构,,一梯两户,无,商品房,普通住宅,暂无数据
嘉城新航域2室2厅82.76平米_上海嘉城新航域二手房成交房源(上海链家),342,41264,嘉定,江桥,嘉城新航域,2室2厅1厨1卫,高楼层(共17层),82.76㎡,平层,板楼,南,2009,精装,钢混结构,,两梯四户,有,商品房,普通住宅,暂无数据
石泉六村2室1厅45.88平米_上海石泉六村二手房成交房源(上海链家),276,60157,普陀,光新,石泉六村,2室1厅0厨1卫,低楼层(共6层),45.88㎡,平层,板楼,南,1978,精装,砖混结构,,一梯七户,无,商品房,普通住宅,暂无数据
浦润苑2室1厅80.22平米_上海浦润苑二手房成交房源(上海链家),248,30915,闵行,浦江,浦润苑,2室1厅1厨1卫,中楼层(共7层),80.22㎡,平层,板楼,南北,2012,简装,钢混结构,,一梯三户,有,动迁安置房,普通住宅,暂无数据
浦江世博家园九街坊2室2厅75.29平米_上海浦江世博家园九街坊二手房成交房源(上海链家),361,47948,闵行,浦江,浦江世博家园九街坊,2室2厅0厨1卫,中楼层(共5层),75.29㎡,平层,板楼,南北,2006,精装,钢混结构,,一梯两户,无,动迁安置房,普通住宅,暂无数据
漕泾一村1室1厅37.9平米_上海漕泾一村二手房成交房源(上海链家),307,80871,徐汇,康健,漕泾一村,1室1厅1厨1卫,低楼层(共6层),37.9㎡,平层,板楼,南,1986,其他,砖混结构,,一梯四户,无,商品房,普通住宅,暂无数据
象屿上海年华3室2厅106平米_上海象屿上海年华二手房成交房源(上海链家),389,36680,松江,莘闵别墅,象屿上海年华,3室2厅1厨2卫,高楼层(共8层),106㎡,平层,板楼,南,未知,精装,钢混结构,,一梯两户,有,商品房,普通住宅,暂无数据
宝钢二村2室0厅47.26平米_上海宝钢二村二手房成交房源(上海链家),233,49302,宝山,淞宝,宝钢二村,2室0厅1厨1卫,中楼层(共6层),47.26㎡,暂无数据,板楼,南,1983,简装,砖混结构,,一梯四户,无,商品房,普通住宅,暂无数据
南新四村2室1厅54.94平米_上海南新四村二手房成交房源(上海链家),259,47143,浦东,北蔡,南新四村,2室1厅1厨1卫,高楼层(共6层),54.94㎡,平层,板楼,南,1995,简装,砖混结构,,一梯两户,无,商品房,普通住宅,暂无数据
慧华东苑3室1厅86.46平米_上海慧华东苑二手房成交房源(上海链家),353,40829,宝山,上大,慧华东苑,3室1厅1厨1卫,高楼层(共6层),86.46㎡,暂无数据,板楼,南北,2011,精装,钢混结构,,一梯两户,无,动迁安置房,普通住宅,暂无数据
万里雅筑2室2厅107.82平米_上海万里雅筑二手房成交房源(上海链家),715,66315,普陀,万里,万里雅筑,2室2厅1厨1卫,高楼层(共14层),107.82㎡,平层,板楼,南北,2010,精装,钢混结构,,一梯两户,有,商品房,普通住宅,暂无数据
中春三水苑2室2厅89.4平米_上海中春三水苑二手房成交房源(上海链家),398,44520,闵行,春申,中春三水苑,2室2厅1厨1卫,低楼层(共12层),89.4㎡,暂无数据,板楼,南北,2011,毛坯,钢混结构,,一梯四户,有,动迁安置房,普通住宅,暂无数据
罗城小区2室1厅65.95平米_上海罗城小区二手房成交房源(上海链家),315,47764,徐汇,上海南站,罗城小区,2室1厅1厨1卫,高楼层(共6层),65.95㎡,暂无数据,板楼,东南,1997,简装,砖混结构,,一梯四户,无,售后公房,普通住宅,暂无数据
惠康苑2室1厅79.86平米_上海惠康苑二手房成交房源(上海链家),189,23667,浦东,惠南,惠康苑,2室1厅1厨1卫,中楼层(共16层),79.86㎡,平层,板楼,南北,2014,毛坯,钢混结构,,两梯六户,有,动迁安置房,普通住宅,暂无数据
纪念小区2室1厅50.1平米_上海纪念小区二手房成交房源(上海链家),270,53893,虹口,江湾镇,纪念小区,2室1厅1厨1卫,低楼层(共6层),50.1㎡,平层,板楼,南,1992,精装,砖混结构,,一梯三户,无,商品房,普通住宅,暂无数据
荡湾新村2室1厅64.43平米_上海荡湾新村二手房成交房源(上海链家),146,22583,浦东,惠南,荡湾新村,2室1厅0厨1卫,中楼层(共6层),64.43㎡,平层,板楼,南,1983,简装,砖混结构,,一梯三户,无,商品房,普通住宅,暂无数据
天台家园2室2厅92.57平米_上海天台家园二手房成交房源(上海链家),750,81020,长宁,仙霞,天台家园,2室2厅1厨1卫,高楼层(共10层),92.57㎡,平层,板楼,南北,2003,简装,钢混结构,,一梯两户,有,商品房,普通住宅,暂无数据
绿洲香岛花园2室2厅131.33平米_上海绿洲香岛花园二手房成交房源(上海链家),432,32895,松江,莘闵别墅,绿洲香岛花园,2室2厅1厨2卫,中楼层(共16层),131.33㎡,平层,板楼,南北,2007,精装,钢混结构,,两梯两户,有,商品房,普通住宅,暂无数据
建发玖珑湾2室2厅80.55平米_上海建发玖珑湾二手房成交房源(上海链家),385,47797,松江,泗泾,建发玖珑湾,2室2厅1厨1卫,低楼层(共16层),80.55㎡,平层,板楼,南,2016,精装,钢混结构,,一梯两户,有,商品房,普通住宅,暂无数据
崧泽华城秀景苑3室1厅79.96平米_上海崧泽华城秀景苑二手房成交房源(上海链家),270,33767,青浦,赵巷,崧泽华城秀景苑,3室1厅1厨1卫,高楼层(共11层),79.96㎡,平层,板楼,南,2014,精装,钢混结构,,十二梯三户,有,商品房,普通住宅,暂无数据
新世纪花苑(三期)(浦东)2室1厅90.19平米_上海新世纪花苑(三期)(浦东)二手房成交房源(上海链家),590,65418,浦东,世博,新世纪花苑(三期)(浦东),2室1厅1厨1卫,中楼层(共6层),90.19㎡,错层,板楼,南,2002,精装,砖混结构,,一梯两户,无,商品房,普通住宅,暂无数据
春申景城湖畔林语2室1厅70.32平米_上海春申景城湖畔林语二手房成交房源(上海链家),533,75797,闵行,春申,春申景城湖畔林语,2室1厅0厨1卫,中楼层(共17层),70.32㎡,平层,板楼,南北,2007,精装,钢混结构,,两梯四户,有,商品房,普通住宅,暂无数据
柳梁路55弄3室1厅45.93平米_上海柳梁路55弄二手房成交房源(上海链家),60,13064,嘉定,菊园新区,柳梁路55弄,3室1厅1厨1卫,中楼层(共18层),45.93㎡,暂无数据,塔楼,北,2013,简装,钢混结构,,三梯二十二户,有,商品房,商业办公类,暂无数据
海尚墅林苑2室2厅88.84平米_上海海尚墅林苑二手房成交房源(上海链家),130,14634,奉贤,海湾,海尚墅林苑,2室2厅1厨1卫,低楼层(共18层),88.84㎡,平层,板楼,南,2011,简装,钢混结构,,两梯四户,有,商品房,普通住宅,暂无数据
瑞冬小区2室1厅51.82平米_上海瑞冬小区二手房成交房源(上海链家),292,56349,长宁,北新泾,瑞冬小区,2室1厅0厨1卫,高楼层(共6层),51.82㎡,平层,板楼,南,1994,精装,砖混结构,,一梯四户,无,商品房,普通住宅,暂无数据
绿地香颂(奉贤)(公寓)2室1厅63.57平米_上海绿地香颂(奉贤)(公寓)二手房成交房源(上海链家),100,15731,奉贤,海湾,绿地香颂(奉贤)(公寓),2室1厅1厨1卫,低楼层(共8层),63.57㎡,平层,板楼,南北,2011,精装,钢混结构,,一梯四户,有,商品房,普通住宅,暂无数据
潍坊三村1室1厅33.13平米_上海潍坊三村二手房成交房源(上海链家),217,65500,浦东,潍坊,潍坊三村,1室1厅1厨1卫,中楼层(共5层),33.13㎡,暂无数据,板楼,南,1981,简装,砖混结构,,一梯四户,无,商品房,普通住宅,暂无数据
金峰大厦3室1厅119平米_上海金峰大厦二手房成交房源(上海链家),620,52101,静安,不夜城,金峰大厦,3室1厅1厨1卫,高楼层(共29层),119㎡,暂无数据,塔楼,东,1996,简装,钢混结构,,三梯八户,有,商品房,普通住宅,暂无数据
秋月枫舍1室2厅66.54平米_上海秋月枫舍二手房成交房源(上海链家),545,81906,普陀,光新,秋月枫舍,1室2厅1厨1卫,中楼层(共25层),66.54㎡,平层,板楼,南,2004,精装,钢混结构,,两梯五户,有,商品房,普通住宅,暂无数据
大华一村1室1厅53.92平米_上海大华一村二手房成交房源(上海链家),235,43454,宝山,大华,大华一村,1室1厅1厨1卫,高楼层(共6层),53.92㎡,平层,板楼,南,1995,精装,砖混结构,,一梯两户,无,商品房,普通住宅,暂无数据
高兴花园1室1厅47.71平米_上海高兴花园二手房成交房源(上海链家),306,64138,闵行,春申,高兴花园,1室1厅1厨1卫,中楼层(共6层),47.71㎡,平层,板楼,南,1996,其他,砖混结构,,一梯四户,无,商品房,普通住宅,暂无数据
佳乐苑3室2厅124.34平米_上海佳乐苑二手房成交房源(上海链家),321,25817,青浦,夏阳,佳乐苑,3室2厅1厨2卫,高楼层(共6层),124.34㎡,暂无数据,板楼,南北,2005,精装,砖混结构,,一梯四户,暂无数据,动迁安置房,普通住宅,暂无数据
泰晤士小镇(公寓)2室2厅131平米_上海泰晤士小镇(公寓)二手房成交房源(上海链家),470,35878,松江,松江新城,泰晤士小镇(公寓),2室2厅1厨1卫,中楼层(共4层),131㎡,平层,板楼,南,未知,精装,钢混结构,,一梯两户,无,商品房,普通住宅,暂无数据
尚汇豪庭4室2厅172.27平米_上海尚汇豪庭二手房成交房源(上海链家),1850,107390,徐汇,田林,尚汇豪庭,4室2厅1厨2卫,低楼层(共35层),172.27㎡,暂无数据,板楼,南,2015,精装,钢混结构,,两梯两户,有,商品房,普通住宅,暂无数据
控江二村107弄小区1室1厅36.41平米_上海控江二村107弄小区二手房成交房源(上海链家),168,46004,杨浦,黄兴公园,控江二村107弄小区,1室1厅1厨1卫,中楼层(共5层),36.41㎡,平层,板楼,北,1996,简装,砖混结构,,一梯七户,无,商品房,普通住宅,暂无数据
美丽星城2室2厅87.4平米_上海美丽星城二手房成交房源(上海链家),322,36843,松江,九亭,美丽星城,2室2厅1厨1卫,低楼层(共16层),87.4㎡,平层,板楼,南,2004,简装,钢混结构,,一梯两户,有,商品房,普通住宅,暂无数据
金谷园1室1厅55.73平米_上海金谷园二手房成交房源(上海链家),416,74646,徐汇,万体馆,金谷园,1室1厅1厨1卫,高楼层(共18层),55.73㎡,平层,塔楼,南,1996,其他,钢混结构,,两梯八户,有,商品房,普通住宅,暂无数据
丽都成品2室2厅99.71平米_上海丽都成品二手房成交房源(上海链家),605,60676,浦东,金桥,丽都成品,2室2厅1厨1卫,中楼层(共11层),99.71㎡,平层,板楼,南北,2005,精装,钢混结构,,一梯三户,有,商品房,普通住宅,暂无数据
钦州路111弄1室1厅61.97平米_上海钦州路111弄二手房成交房源(上海链家),399,64386,徐汇,康健,钦州路111弄,1室1厅1厨1卫,高楼层(共30层),61.97㎡,平层,塔楼,南,2005,精装,钢混结构,,三梯十七户,有,动迁安置房,普通住宅,暂无数据
同润菲诗艾伦3室2厅143.31平米_上海同润菲诗艾伦二手房成交房源(上海链家),425,29656,松江,泗泾,同润菲诗艾伦,3室2厅1厨2卫,低楼层(共11层),143.31㎡,平层,板楼,南,2012,精装,钢混结构,,一梯两户,有,商品房,普通住宅,暂无数据
水岸家苑2室2厅96.14平米_上海水岸家苑二手房成交房源(上海链家),224,23300,奉贤,西渡,水岸家苑,2室2厅1厨1卫,中楼层(共5层),96.14㎡,平层,板楼,南,2003,精装,钢混结构,,一梯两户,无,商品房,普通住宅,暂无数据
高兴花园2室1厅67.61平米_上海高兴花园二手房成交房源(上海链家),333,49254,闵行,春申,高兴花园,2室1厅0厨1卫,高楼层(共6层),67.61㎡,平层,板楼,南北,1996,简装,砖混结构,,一梯四户,无,商品房,普通住宅,暂无数据
东方花园二期3室2厅101.12平米_上海东方花园二期二手房成交房源(上海链家),690,68236,闵行,七宝,东方花园二期,3室2厅1厨1卫,中楼层(共14层),101.12㎡,平层,板楼,南北,2005,精装,钢混结构,,一梯两户,有,商品房,普通住宅,暂无数据
桃浦十村（紫腾苑小区银杏路120弄）2室1厅55.69平米_上海桃浦十村（紫腾苑小区银杏路120弄）二手房成交房源(上海链家),206,36991,普陀,桃浦,桃浦十村（紫腾苑小区银杏路120弄）,2室1厅1厨1卫,高楼层(共6层),55.69㎡,平层,板楼,南北,1996,简装,砖混结构,,一梯四户,无,商品房,普通住宅,暂无数据
滴水湖馨苑一期3室2厅172.96平米_上海滴水湖馨苑一期二手房成交房源(上海链家),297,17172,浦东,临港新城,滴水湖馨苑一期,3室2厅1厨2卫,低楼层(共7层),172.96㎡,暂无数据,板楼,南,2010,毛坯,钢混结构,,一梯两户,无,商品房,普通住宅,暂无数据
宜川小区1室1厅41.94平米_上海宜川小区二手房成交房源(上海链家),240,57225,静安,大宁,宜川小区,1室1厅0厨1卫,高楼层(共6层),41.94㎡,平层,板楼,南,1993,精装,砖混结构,,一梯四户,无,商品房,普通住宅,暂无数据
东城花苑一村2室2厅101.19平米_上海东城花苑一村二手房成交房源(上海链家),242,23866,浦东,惠南,东城花苑一村,2室2厅1厨1卫,中楼层(共6层),101.19㎡,平层,板楼,南,1998,精装,砖混结构,,一梯两户,无,商品房,普通住宅,暂无数据
白雪公主2室2厅91.7平米_上海白雪公主二手房成交房源(上海链家),541,58997,闵行,七宝,白雪公主,2室2厅1厨2卫,高楼层(共11层),91.7㎡,平层,板楼,南,2004,简装,钢混结构,,一梯两户,有,商品房,普通住宅,暂无数据
古北首席2室2厅74.05平米_上海古北首席二手房成交房源(上海链家),638,86159,闵行,金虹桥,古北首席,2室2厅1厨1卫,中楼层(共6层),74.05㎡,暂无数据,板楼,南,1999,其他,钢混结构,,一梯两户,无,商品房,普通住宅,暂无数据
美岸栖庭(别墅)4室2厅214.52平米_上海美岸栖庭(别墅)二手房成交房源(上海链家),1400,65262,宝山,高境,美岸栖庭(别墅),4室2厅1厨3卫,低楼层(共3层),214.52㎡,暂无数据,板楼,南,2009,精装,钢混结构,,一梯一户,无,商品房,别墅,暂无数据
华骥苑3室1厅78.32平米_上海华骥苑二手房成交房源(上海链家),198,25281,青浦,夏阳,华骥苑,3室1厅1厨1卫,高楼层(共6层),78.32㎡,平层,板楼,南,2008,精装,钢混结构,,一梯八户,无,商品房,普通住宅,暂无数据
祥泰苑3室2厅86.86平米_上海祥泰苑二手房成交房源(上海链家),395,45476,宝山,大场镇,祥泰苑,3室2厅1厨1卫,高楼层(共5层),86.86㎡,暂无数据,板楼,南,2008,其他,钢混结构,,一梯两户,无,商品房,普通住宅,暂无数据
金沁苑2室2厅78.11平米_上海金沁苑二手房成交房源(上海链家),246,31418,浦东,航头,金沁苑,2室2厅1厨1卫,中楼层(共18层),78.11㎡,暂无数据,板楼,南北,2013,其他,钢混结构,,一梯三户,暂无数据,商品房,普通住宅,暂无数据
梅陇九村1室1厅46.73平米_上海梅陇九村二手房成交房源(上海链家),203,43442,徐汇,华东理工,梅陇九村,1室1厅1厨1卫,高楼层(共6层),46.73㎡,平层,板楼,南,2000,简装,砖混结构,,一梯两户,无,商品房,普通住宅,暂无数据
金顺佳苑1室1厅56.77平米_上海金顺佳苑二手房成交房源(上海链家),158,27797,浦东,川沙,金顺佳苑,1室1厅1厨1卫,中楼层(共6层),56.77㎡,平层,板楼,南,2009,精装,钢混结构,,一梯两户,无,商品房,普通住宅,暂无数据
高华小区1室0厅30.87平米_上海高华小区二手房成交房源(上海链家),115,37253,闵行,老闵行,高华小区,1室0厅1厨1卫,中楼层(共5层),30.87㎡,平层,板楼,南,1981,精装,砖混结构,,一梯三户,无,商品房,普通住宅,暂无数据
裕德路66弄1室1厅37.18平米_上海裕德路66弄二手房成交房源(上海链家),518,139323,徐汇,徐家汇,裕德路66弄,1室1厅1厨1卫,中楼层(共7层),37.18㎡,平层,板楼,南,1994,精装,钢混结构,,一梯七户,无,商品房,普通住宅,暂无数据
新长征花苑2室1厅65.44平米_上海新长征花苑二手房成交房源(上海链家),363,55471,普陀,长征,新长征花苑,2室1厅1厨1卫,高楼层(共6层),65.44㎡,平层,板楼,南北,1998,精装,砖混结构,,一梯两户,无,商品房,普通住宅,暂无数据
晨阳小区1室1厅50.51平米_上海晨阳小区二手房成交房源(上海链家),148,29203,浦东,川沙,晨阳小区,1室1厅1厨1卫,低楼层(共6层),50.51㎡,平层,板楼,南,1997,毛坯,砖混结构,,一梯两户,无,商品房,普通住宅,暂无数据
梅陇十村2室1厅60.16平米_上海梅陇十村二手房成交房源(上海链家),293,48621,徐汇,华东理工,梅陇十村,2室1厅1厨1卫,高楼层(共6层),60.16㎡,暂无数据,板楼,南北,1995,简装,砖混结构,,一梯两户,无,商品房,普通住宅,暂无数据
沪东新村1室1厅36.75平米_上海沪东新村二手房成交房源(上海链家),157,42722,浦东,金桥,沪东新村,1室1厅1厨1卫,低楼层(共6层),36.75㎡,平层,板楼,南,1985,简装,砖混结构,,一梯三户,无,商品房,普通住宅,暂无数据
金杨新村五街坊1室1厅48.67平米_上海金杨新村五街坊二手房成交房源(上海链家),228,46847,浦东,金杨,金杨新村五街坊,1室1厅1厨1卫,高楼层(共6层),48.67㎡,平层,板楼,南,1994,精装,砖混结构,,一梯三户,无,商品房,普通住宅,暂无数据
星苑小区2室1厅50.84平米_上海星苑小区二手房成交房源(上海链家),3,537,虹口,凉城,星苑小区,2室1厅1厨1卫,低楼层(共6层),50.84㎡,暂无数据,板楼,南,1995,精装,砖混结构,,一梯三户,无,商品房,普通住宅,暂无数据
共康八村1室1厅50.04平米_上海共康八村二手房成交房源(上海链家),225,44965,宝山,共康,共康八村,1室1厅1厨1卫,低楼层(共6层),50.04㎡,平层,板楼,南,1995,简装,砖混结构,,一梯四户,无,商品房,普通住宅,暂无数据
广中西路818弄2室1厅69.04平米_上海广中西路818弄二手房成交房源(上海链家),360,52144,静安,大宁,广中西路818弄,2室1厅1厨1卫,中楼层(共6层),69.04㎡,平层,板楼,南,1993,精装,砖混结构,,一梯四户,无,商品房,普通住宅,暂无数据
文兰小区2室1厅57.8平米_上海文兰小区二手房成交房源(上海链家),373,64533,浦东,塘桥,文兰小区,2室1厅1厨1卫,中楼层(共6层),57.8㎡,平层,板楼,东南,1990,精装,砖混结构,,一梯四户,无,商品房,普通住宅,暂无数据
上川路1638弄2室1厅82.39平米_上海上川路1638弄二手房成交房源(上海链家),234,28402,浦东,曹路,上川路1638弄,2室1厅1厨1卫,低楼层(共6层),82.39㎡,平层,板楼,南,2000,毛坯,钢混结构,,一梯三户,无,商品房,普通住宅,暂无数据
汇秀景苑三街坊2室2厅76.76平米_上海汇秀景苑三街坊二手房成交房源(上海链家),223,29052,闵行,浦江,汇秀景苑三街坊,2室2厅0厨1卫,高楼层(共17层),76.76㎡,暂无数据,板楼,南,2013,毛坯,钢混结构,,一梯四户,有,动迁安置房,普通住宅,暂无数据
复兴苑2室2厅110.12平米_上海复兴苑二手房成交房源(上海链家),925,84000,黄浦,新天地,复兴苑,2室2厅1厨1卫,高楼层(共32层),110.12㎡,平层,板塔结合,南,1998,精装,钢混结构,,三梯六户,有,商品房,普通住宅,暂无数据
宜川四村2室1厅58.89平米_上海宜川四村二手房成交房源(上海链家),237,40177,普陀,甘泉宜川,宜川四村,2室1厅1厨1卫,高楼层(共6层),58.89㎡,平层,板楼,东,1987,简装,砖混结构,,一梯两户,无,商品房,普通住宅,暂无数据
士林华苑3室2厅148.83平米_上海士林华苑二手房成交房源(上海链家),1410,94739,黄浦,豫园,士林华苑,3室2厅1厨2卫,高楼层(共23层),148.83㎡,平层,板楼,南,2007,精装,钢混结构,,两梯三户,有,商品房,普通住宅,暂无数据
峨山小区1室1厅34.74平米_上海峨山小区二手房成交房源(上海链家),177,50950,浦东,塘桥,峨山小区,1室1厅1厨1卫,高楼层(共6层),34.74㎡,平层,板楼,南,1984,简装,砖混结构,,一梯四户,无,商品房,普通住宅,暂无数据
红旗小区2室1厅46.99平米_上海红旗小区二手房成交房源(上海链家),142,30220,闵行,老闵行,红旗小区,2室1厅1厨1卫,中楼层(共6层),46.99㎡,平层,板楼,南,1982,精装,砖混结构,,一梯四户,无,商品房,普通住宅,暂无数据
华沙一村3室2厅88.37平米_上海华沙一村二手房成交房源(上海链家),303,34288,浦东,川沙,华沙一村,3室2厅1厨1卫,高楼层(共6层),88.37㎡,平层,板楼,南,1994,精装,砖混结构,,一梯两户,无,商品房,普通住宅,暂无数据
天环苑2室2厅85.96平米_上海天环苑二手房成交房源(上海链家),222,25826,浦东,川沙,天环苑,2室2厅0厨1卫,中楼层(共6层),85.96㎡,平层,板楼,南,2008,精装,钢混结构,,一梯两户,无,商品房,普通住宅,暂无数据
金桂一村3室1厅86.7平米_上海金桂一村二手房成交房源(上海链家),187,21569,嘉定,安亭,金桂一村,3室1厅1厨1卫,高楼层(共6层),86.7㎡,暂无数据,板楼,南,1996,简装,砖混结构,,一梯三户,无,商品房,普通住宅,暂无数据
大华颐和华城(公寓)1室1厅57.25平米_上海大华颐和华城(公寓)二手房成交房源(上海链家),405,70743,普陀,万里,大华颐和华城(公寓),1室1厅1厨1卫,高楼层(共6层),57.25㎡,暂无数据,板楼,南北,2004,精装,钢混结构,,一梯两户,无,商品房,普通住宅,暂无数据
临沂三村1室1厅40.67平米_上海临沂三村二手房成交房源(上海链家),192,47210,浦东,南码头,临沂三村,1室1厅1厨1卫,高楼层(共6层),40.67㎡,平层,板楼,南,1987,简装,砖混结构,,一梯四户,无,商品房,普通住宅,暂无数据
普乐三村1室1厅44.59平米_上海普乐三村二手房成交房源(上海链家),191,42835,闵行,春申,普乐三村,1室1厅1厨1卫,低楼层(共6层),44.59㎡,平层,板楼,南,1995,毛坯,砖混结构,,一梯两户,无,商品房,普通住宅,暂无数据
凌兆新村(上浦路201弄)1室1厅49.09平米_上海凌兆新村(上浦路201弄)二手房成交房源(上海链家),239,48687,浦东,三林,凌兆新村(上浦路201弄),1室1厅1厨1卫,高楼层(共6层),49.09㎡,平层,板楼,南,2005,简装,砖混结构,,一梯两户,无,商品房,普通住宅,暂无数据
星梅花苑1室1厅43.9平米_上海星梅花苑二手房成交房源(上海链家),293,66629,普陀,长征,星梅花苑,1室1厅1厨1卫,高楼层(共6层),43.9㎡,平层,板楼,南,1994,简装,砖混结构,,一梯一户,无,商品房,普通住宅,暂无数据
兰花新村1室1厅34.41平米_上海兰花新村二手房成交房源(上海链家),205,59576,杨浦,黄兴公园,兰花新村,1室1厅1厨1卫,中楼层(共6层),34.41㎡,暂无数据,板楼,南,1983,其他,砖混结构,,一梯四户,无,商品房,普通住宅,暂无数据
凌港城2室1厅74.49平米_上海凌港城二手房成交房源(上海链家),209,28058,浦东,川沙,凌港城,2室1厅1厨1卫,高楼层(共6层),74.49㎡,平层,板楼,南,2008,毛坯,钢混结构,,一梯两户,无,商品房,普通住宅,暂无数据
德盈佳园3室2厅130.49平米_上海德盈佳园二手房成交房源(上海链家),237,18163,浦东,惠南,德盈佳园,3室2厅0厨2卫,中楼层(共11层),130.49㎡,平层,板楼,南,2008,精装,钢混结构,,一梯两户,有,商品房,普通住宅,暂无数据
崧泽华城佳福雅苑（五区）2室1厅77.14平米_上海崧泽华城佳福雅苑（五区）二手房成交房源(上海链家),224,29013,青浦,赵巷,崧泽华城佳福雅苑（五区）,2室1厅1厨1卫,中楼层(共18层),77.14㎡,平层,板楼,南北,未知,毛坯,钢混结构,,两梯四户,有,动迁安置房,普通住宅,暂无数据
张家浜小区1室1厅33.2平米_上海张家浜小区二手房成交房源(上海链家),198,59639,杨浦,周家嘴路,张家浜小区,1室1厅0厨1卫,低楼层(共6层),33.2㎡,暂无数据,板楼,南,1993,其他,砖混结构,,一梯四户,无,商品房,普通住宅,暂无数据
聚丰景都3室2厅134.5平米_上海聚丰景都二手房成交房源(上海链家),545,40521,宝山,上大,聚丰景都,3室2厅1厨2卫,低楼层(共14层),134.5㎡,平层,板楼,南北,2008,精装,钢混结构,,两梯两户,有,商品房,普通住宅,暂无数据
金杨新村四街坊2室1厅60.53平米_上海金杨新村四街坊二手房成交房源(上海链家),413,68231,浦东,金杨,金杨新村四街坊,2室1厅1厨1卫,高楼层(共6层),60.53㎡,平层,板楼,南,1995,精装,混合结构,,一梯四户,无,售后公房,普通住宅,暂无数据
联鑫坊3室1厅87.13平米_上海联鑫坊二手房成交房源(上海链家),435,49926,浦东,高行,联鑫坊,3室1厅1厨1卫,低楼层(共6层),87.13㎡,平层,板楼,南,1998,简装,砖混结构,,一梯两户,无,商品房,普通住宅,暂无数据
绿邑新苑3室2厅132.93平米_上海绿邑新苑二手房成交房源(上海链家),885,66577,徐汇,龙华,绿邑新苑,3室2厅1厨2卫,低楼层(共14层),132.93㎡,平层,板楼,南,2003,精装,钢混结构,,一梯两户,有,商品房,普通住宅,暂无数据
三泾北宅小区1室1厅29.07平米_上海三泾北宅小区二手房成交房源(上海链家),224,76884,长宁,中山公园,三泾北宅小区,1室1厅1厨1卫,中楼层(共5层),29.07㎡,平层,板楼,南,1988,简装,砖混结构,,一梯四户,无,商品房,普通住宅,暂无数据
保利佳苑1室1厅53.86平米_上海保利佳苑二手房成交房源(上海链家),180,33420,闵行,老闵行,保利佳苑,1室1厅1厨1卫,中楼层(共18层),53.86㎡,平层,板楼,南,2014,简装,钢混结构,,两梯五户,有,动迁安置房,普通住宅,暂无数据
三和花园3室2厅123.83平米_上海三和花园二手房成交房源(上海链家),840,67835,静安,曹家渡,三和花园,3室2厅1厨2卫,低楼层(共29层),123.83㎡,平层,塔楼,西西北,未知,简装,钢混结构,,两梯八户,有,商品房,普通住宅,暂无数据
领尚国际酒店公寓1室1厅49.55平米_上海领尚国际酒店公寓二手房成交房源(上海链家),184,37034,长宁,古北,领尚国际酒店公寓,1室1厅0厨1卫,中楼层(共21层),49.55㎡,暂无数据,塔楼,西,未知,其他,钢混结构,,两梯十三户,有,商品房,商业办公类,暂无数据
东体小区1室1厅26.4平米_上海东体小区二手房成交房源(上海链家),132,50000,虹口,曲阳,东体小区,1室1厅1厨1卫,中楼层(共5层),26.4㎡,平层,板楼,北,1957,简装,砖混结构,,一梯八户,无,商品房,普通住宅,暂无数据
天晋小区2室1厅87.51平米_上海天晋小区二手房成交房源(上海链家),522,59651,静安,西藏北路,天晋小区,2室1厅1厨1卫,高楼层(共24层),87.51㎡,平层,塔楼,南,1997,精装,钢混结构,,两梯六户,有,商品房,普通住宅,暂无数据
品尊国际4室2厅204.57平米_上海品尊国际二手房成交房源(上海链家),1705,83346,普陀,真如,品尊国际,4室2厅1厨2卫,低楼层(共35层),204.57㎡,平层,板楼,南,2011,精装,钢混结构,,两梯两户,有,商品房,普通住宅,暂无数据
银都新村(1至7区)1室1厅42.17平米_上海银都新村(1至7区)二手房成交房源(上海链家),222,52645,闵行,颛桥,银都新村(1至7区),1室1厅1厨1卫,高楼层(共6层),42.17㎡,平层,板楼,南,1995,精装,砖混结构,,一梯两户,无,商品房,普通住宅,暂无数据
尚海湾豪庭(二期）3室2厅151平米_上海尚海湾豪庭(二期）二手房成交房源(上海链家),1735,114901,徐汇,徐汇滨江,尚海湾豪庭(二期）,3室2厅1厨2卫,中楼层(共30层),151㎡,平层,板楼,南,未知,精装,钢混结构,,两梯两户,有,商品房,普通住宅,暂无数据
芝巷小区2室1厅60.99平米_上海芝巷小区二手房成交房源(上海链家),309,50665,普陀,长风,芝巷小区,2室1厅1厨1卫,高楼层(共6层),60.99㎡,平层,板楼,南,1995,精装,砖混结构,,一梯两户,无,商品房,普通住宅,暂无数据
上大聚丰园3室2厅109.03平米_上海上大聚丰园二手房成交房源(上海链家),478,43796,宝山,上大,上大聚丰园,3室2厅1厨1卫,低楼层(共6层),109.03㎡,平层,板楼,南北,2003,精装,钢混结构,,一梯两户,无,商品房,普通住宅,暂无数据
金杨新村八街坊2室1厅80.26平米_上海金杨新村八街坊二手房成交房源(上海链家),353,43983,浦东,金杨,金杨新村八街坊,2室1厅1厨1卫,中楼层(共24层),80.26㎡,平层,塔楼,南,1996,简装,钢混结构,,两梯八户,有,商品房,普通住宅,暂无数据
华侨城苏河湾行政公馆3室2厅164.69平米_上海华侨城苏河湾行政公馆二手房成交房源(上海链家),1150,69829,静安,西藏北路,华侨城苏河湾行政公馆,3室2厅1厨3卫,中楼层(共23层),164.69㎡,暂无数据,板楼,南,未知,其他,钢混结构,,两梯七户,有,商品房,商业办公类,暂无数据
凌兆新村(凌兆路586弄)2室1厅68.9平米_上海凌兆新村(凌兆路586弄)二手房成交房源(上海链家),310,44993,浦东,三林,凌兆新村(凌兆路586弄),2室1厅1厨1卫,高楼层(共6层),68.9㎡,平层,板楼,南,1994,精装,砖混结构,,一梯四户,无,商品房,普通住宅,暂无数据
梅园四街坊2室1厅49.44平米_上海梅园四街坊二手房成交房源(上海链家),596,120450,浦东,梅园,梅园四街坊,2室1厅1厨1卫,低楼层(共6层),49.44㎡,平层,板楼,南,1988,简装,砖混结构,,一梯四户,无,商品房,普通住宅,暂无数据
同济新村1室0厅29.13平米_上海同济新村二手房成交房源(上海链家),276,94748,杨浦,鞍山,同济新村,1室0厅1厨1卫,低楼层(共6层),29.13㎡,暂无数据,板楼,南,1984,简装,砖混结构,,一梯四户,无,商品房,普通住宅,暂无数据
延吉三村1室1厅29.6平米_上海延吉三村二手房成交房源(上海链家),188,63514,杨浦,黄兴公园,延吉三村,1室1厅1厨1卫,低楼层(共6层),29.6㎡,平层,板楼,南,1983,简装,砖混结构,,一梯四户,无,商品房,普通住宅,暂无数据
明月坊1室1厅52.02平米_上海明月坊二手房成交房源(上海链家),360,69205,杨浦,周家嘴路,明月坊,1室1厅1厨1卫,中楼层(共34层),52.02㎡,暂无数据,塔楼,西南,2013,其他,钢混结构,,三梯十户,有,动迁安置房,新式里弄,暂无数据
由由四村1室0厅35平米_上海由由四村二手房成交房源(上海链家),192,54858,浦东,北蔡,由由四村,1室0厅1厨1卫,低楼层(共6层),35㎡,暂无数据,板楼,南,1997,精装,砖混结构,,一梯两户,无,商品房,普通住宅,暂无数据
锦鸿公寓2室1厅98.09平米_上海锦鸿公寓二手房成交房源(上海链家),398,40575,闵行,梅陇,锦鸿公寓,2室1厅1厨1卫,高楼层(共26层),98.09㎡,平层,塔楼,西,1996,精装,钢混结构,,三梯十户,有,商品房,普通住宅,暂无数据
一品漫城二期（公寓）3室2厅158平米_上海一品漫城二期（公寓）二手房成交房源(上海链家),965,61076,闵行,浦江,一品漫城二期（公寓）,3室2厅1厨2卫,中楼层(共4层),158㎡,平层,板楼,南,未知,毛坯,钢混结构,,一梯两户,无,商品房,普通住宅,暂无数据
梅陇九村2室1厅54.53平米_上海梅陇九村二手房成交房源(上海链家),296,54283,徐汇,华东理工,梅陇九村,2室1厅1厨1卫,中楼层(共6层),54.53㎡,平层,板楼,南,1994,精装,砖混结构,,一梯三户,无,商品房,普通住宅,暂无数据
同润菲诗艾伦3室1厅88.94平米_上海同润菲诗艾伦二手房成交房源(上海链家),324,36385,松江,泗泾,同润菲诗艾伦,3室1厅0厨1卫,中楼层(共16层),88.94㎡,平层,板楼,南,2012,精装,钢混结构,,两梯四户,有,商品房,普通住宅,暂无数据
南泉苑2室1厅53.13平米_上海南泉苑二手房成交房源(上海链家),235,44232,普陀,甘泉宜川,南泉苑,2室1厅1厨1卫,高楼层(共6层),53.13㎡,平层,板楼,南,1990,简装,砖混结构,,一梯四户,无,商品房,普通住宅,暂无数据
宝石公寓2室2厅96平米_上海宝石公寓二手房成交房源(上海链家),603,62813,长宁,古北,宝石公寓,2室2厅1厨1卫,高楼层(共6层),96㎡,平层,板楼,南,1991,精装,砖混结构,,一梯两户,无,商品房,普通住宅,暂无数据
中星海兰苑1室1厅57.71平米_上海中星海兰苑二手房成交房源(上海链家),222,38469,嘉定,江桥,中星海兰苑,1室1厅0厨1卫,高楼层(共9层),57.71㎡,平层,板楼,南,2009,毛坯,钢混结构,,一梯四户,有,动迁安置房,普通住宅,暂无数据
中春三水苑2室2厅89.4平米_上海中春三水苑二手房成交房源(上海链家),407,45526,闵行,春申,中春三水苑,2室2厅1厨1卫,中楼层(共12层),89.4㎡,平层,板楼,南,2011,简装,钢混结构,,一梯四户,有,动迁安置房,普通住宅,暂无数据
龙南五村2室1厅59.22平米_上海龙南五村二手房成交房源(上海链家),321,54205,徐汇,龙华,龙南五村,2室1厅1厨1卫,高楼层(共6层),59.22㎡,平层,板楼,南,1994,简装,砖混结构,,一梯两户,无,商品房,普通住宅,暂无数据
东方城市华庭2室2厅95.91平米_上海东方城市华庭二手房成交房源(上海链家),552,57554,浦东,高行,东方城市华庭,2室2厅1厨1卫,中楼层(共10层),95.91㎡,平层,板楼,南,2006,精装,钢混结构,,一梯三户,有,商品房,普通住宅,暂无数据
虹桥汇秀苑2室1厅120.16平米_上海虹桥汇秀苑二手房成交房源(上海链家),770,64082,闵行,金虹桥,虹桥汇秀苑,2室1厅1厨1卫,中楼层(共12层),120.16㎡,平层,板楼,南,2005,精装,钢混结构,,两梯三户,有,商品房,普通住宅,暂无数据
荷风翠庭1室1厅49.62平米_上海荷风翠庭二手房成交房源(上海链家),108,21766,浦东,泥城镇,荷风翠庭,1室1厅1厨1卫,中楼层(共4层),49.62㎡,平层,板楼,南,2009,精装,钢混结构,,一梯三户,无,商品房,普通住宅,暂无数据
鸿宝一村(南区)1室1厅38.26平米_上海鸿宝一村(南区)二手房成交房源(上海链家),104,27183,奉贤,西渡,鸿宝一村(南区),1室1厅1厨1卫,高楼层(共6层),38.26㎡,平层,板楼,南,1995,精装,砖混结构,,一梯三户,无,商品房,普通住宅,暂无数据
鑫唐绿波庭3室2厅118.52平米_上海鑫唐绿波庭二手房成交房源(上海链家),278,23456,浦东,川沙,鑫唐绿波庭,3室2厅1厨2卫,高楼层(共6层),118.52㎡,平层,板楼,南,2009,精装,钢混结构,,一梯两户,无,动迁安置房,普通住宅,暂无数据
展峰大楼1室1厅46.65平米_上海展峰大楼二手房成交房源(上海链家),255,54556,浦东,世博,展峰大楼,1室1厅1厨1卫,中楼层(共24层),46.65㎡,平层,塔楼,南,1995,精装,钢混结构,,两梯八户,有,商品房,普通住宅,暂无数据
合景叠翠峰苑3室2厅90.92平米_上海合景叠翠峰苑二手房成交房源(上海链家),316,34756,嘉定,菊园新区,合景叠翠峰苑,3室2厅1厨1卫,低楼层(共18层),90.92㎡,平层,板楼,南,2014,精装,钢混结构,,两梯三户,有,商品房,普通住宅,暂无数据
东源丽晶4室3厅189平米_上海东源丽晶二手房成交房源(上海链家),1555,82276,浦东,高行,东源丽晶,4室3厅2厨3卫,低楼层(共2层),189㎡,复式,板楼,南,2003,精装,钢混结构,,一梯一户,无,商品房,别墅,暂无数据
梅陇四村2室1厅81.58平米_上海梅陇四村二手房成交房源(上海链家),393,48174,徐汇,华东理工,梅陇四村,2室1厅0厨1卫,中楼层(共23层),81.58㎡,暂无数据,塔楼,南,1996,简装,钢混结构,,两梯八户,有,商品房,普通住宅,暂无数据
通用国际1室2厅49.15平米_上海通用国际二手房成交房源(上海链家),122,24822,嘉定,南翔,通用国际,1室2厅1厨1卫,低楼层(共6层),49.15㎡,暂无数据,板楼,南,2014,精装,钢混结构,,一梯十六户,无,商品房,商业办公类,暂无数据
淞南大八村1室1厅49.61平米_上海淞南大八村二手房成交房源(上海链家),186,37493,宝山,淞南,淞南大八村,1室1厅1厨1卫,高楼层(共6层),49.61㎡,平层,板楼,南,1994,精装,砖混结构,,一梯两户,无,商品房,普通住宅,暂无数据
万峰小区2室1厅71.43平米_上海万峰小区二手房成交房源(上海链家),313,43820,虹口,江湾镇,万峰小区,2室1厅1厨1卫,中楼层(共6层),71.43㎡,平层,板楼,南,1997,简装,砖混结构,,一梯两户,无,商品房,普通住宅,暂无数据
张江汤臣豪园(二期)3室2厅117.86平米_上海张江汤臣豪园(二期)二手房成交房源(上海链家),1048,88920,浦东,张江,张江汤臣豪园(二期),3室2厅1厨1卫,低楼层(共16层),117.86㎡,平层,板楼,南,2006,精装,钢混结构,,两梯三户,有,商品房,普通住宅,暂无数据
青春驿站1室1厅41.74平米_上海青春驿站二手房成交房源(上海链家),189,45161,松江,九亭,青春驿站,1室1厅1厨1卫,高楼层(共11层),41.74㎡,暂无数据,塔楼,南北,2007,精装,钢混结构,,两梯十一户,有,商品房,普通住宅,暂无数据
陆家嘴锦绣前城3室2厅117.07平米_上海陆家嘴锦绣前城二手房成交房源(上海链家),1042,89007,浦东,北蔡,陆家嘴锦绣前城,3室2厅1厨2卫,低楼层(共24层),117.07㎡,平层,板楼,南,2016,精装,钢混结构,,两梯三户,有,商品房,普通住宅,暂无数据
翔殷三村1室1厅38.71平米_上海翔殷三村二手房成交房源(上海链家),225,58125,杨浦,中原,翔殷三村,1室1厅1厨1卫,高楼层(共6层),38.71㎡,平层,板楼,南,1999,简装,砖混结构,,一梯四户,无,商品房,普通住宅,暂无数据
真北新村三街坊2室1厅74.75平米_上海真北新村三街坊二手房成交房源(上海链家),389,52041,普陀,真如,真北新村三街坊,2室1厅1厨1卫,低楼层(共20层),74.75㎡,平层,塔楼,南北,1994,简装,钢混结构,,两梯十三户,有,商品房,普通住宅,暂无数据
康平小区2室0厅49.53平米_上海康平小区二手房成交房源(上海链家),221,44519,静安,彭浦,康平小区,2室0厅1厨1卫,高楼层(共6层),49.53㎡,平层,板楼,南,1981,简装,砖混结构,,一梯四户,无,商品房,普通住宅,暂无数据
薛家宅小区3室1厅65.92平米_上海薛家宅小区二手房成交房源(上海链家),450,68265,徐汇,康健,薛家宅小区,3室1厅1厨1卫,低楼层(共6层),65.92㎡,平层,板楼,南,1996,简装,砖混结构,,一梯四户,无,商品房,普通住宅,暂无数据
祥和星宇花园(一期)2室2厅71.53平米_上海祥和星宇花园(一期)二手房成交房源(上海链家),374,52216,普陀,桃浦,祥和星宇花园(一期),2室2厅1厨1卫,低楼层(共11层),71.53㎡,平层,板楼,南北,2007,精装,钢混结构,,一梯两户,有,商品房,普通住宅,暂无数据
新华小区（龙吴路5599弄）2室1厅82平米_上海新华小区（龙吴路5599弄）二手房成交房源(上海链家),240,29269,闵行,吴泾,新华小区（龙吴路5599弄）,2室1厅1厨1卫,高楼层(共6层),82㎡,平层,板楼,南,1995,精装,砖混结构,,一梯两户,无,商品房,普通住宅,暂无数据
阳光威尼斯C区2室2厅100.69平米_上海阳光威尼斯C区二手房成交房源(上海链家),443,43997,普陀,真光,阳光威尼斯C区,2室2厅1厨1卫,中楼层(共26层),100.69㎡,平层,板楼,南北,2004,简装,钢混结构,,两梯三户,有,商品房,普通住宅,暂无数据
城开珑庭2室2厅91.34平米_上海城开珑庭二手房成交房源(上海链家),535,58573,闵行,梅陇,城开珑庭,2室2厅1厨1卫,高楼层(共26层),91.34㎡,平层,板楼,南,未知,简装,钢混结构,,两梯三户,有,商品房,普通住宅,暂无数据
梧桐城邦(二期)3室2厅132.83平米_上海梧桐城邦(二期)二手房成交房源(上海链家),738,55560,宝山,大华,梧桐城邦(二期),3室2厅1厨2卫,中楼层(共14层),132.83㎡,平层,板楼,南北,2013,其他,钢混结构,,一梯两户,有,商品房,普通住宅,暂无数据
大运盛城2室2厅101.05平米_上海大运盛城二手房成交房源(上海链家),704,69669,杨浦,控江路,大运盛城,2室2厅1厨1卫,中楼层(共6层),101.05㎡,平层,板楼,南北,2000,简装,钢混结构,,一梯两户,无,商品房,普通住宅,暂无数据
金地褐石苑2室2厅82.67平米_上海金地褐石苑二手房成交房源(上海链家),355,42942,松江,泗泾,金地褐石苑,2室2厅1厨1卫,中楼层(共18层),82.67㎡,平层,板楼,南,2016,精装,钢混结构,,一梯四户,有,商品房,普通住宅,暂无数据
珠江新城4室2厅138.06平米_上海珠江新城二手房成交房源(上海链家),410,29698,松江,松江新城,珠江新城,4室2厅1厨2卫,中楼层(共11层),138.06㎡,平层,板楼,南,2005,其他,钢混结构,,一梯两户,有,商品房,普通住宅,暂无数据
德州一村2室0厅51.1平米_上海德州一村二手房成交房源(上海链家),281,54893,浦东,世博,德州一村,2室0厅1厨1卫,高楼层(共6层),51.1㎡,平层,板楼,南,1986,精装,砖混结构,,一梯四户,无,商品房,普通住宅,暂无数据
建业新村2室1厅62.07平米_上海建业新村二手房成交房源(上海链家),339,54536,浦东,南码头,建业新村,2室1厅1厨1卫,高楼层(共6层),62.07㎡,平层,板楼,南北,1997,精装,砖混结构,,一梯两户,无,商品房,普通住宅,暂无数据
淞南十村3室1厅81.23平米_上海淞南十村二手房成交房源(上海链家),369,45427,宝山,淞南,淞南十村,3室1厅1厨1卫,低楼层(共6层),81.23㎡,平层,板楼,南北,1997,精装,砖混结构,,一梯两户,无,商品房,普通住宅,暂无数据
春申景城湖滨晨韵2室2厅98.05平米_上海春申景城湖滨晨韵二手房成交房源(上海链家),663,67619,闵行,春申,春申景城湖滨晨韵,2室2厅1厨1卫,低楼层(共17层),98.05㎡,平层,板楼,南,2005,精装,钢混结构,,两梯三户,有,商品房,普通住宅,暂无数据
新城盛景园3室2厅90平米_上海新城盛景园二手房成交房源(上海链家),335,37223,青浦,夏阳,新城盛景园,3室2厅1厨1卫,中楼层(共8层),90㎡,暂无数据,板楼,南,2011,简装,钢混结构,,一梯两户,有,商品房,普通住宅,暂无数据
友谊二村1室1厅35.37平米_上海友谊二村二手房成交房源(上海链家),160,45237,虹口,凉城,友谊二村,1室1厅1厨1卫,中楼层(共5层),35.37㎡,平层,板楼,北,1960,简装,砖混结构,,一梯六户,无,商品房,普通住宅,暂无数据
九城湖滨国际2室2厅97.76平米_上海九城湖滨国际二手房成交房源(上海链家),425,43474,松江,九亭,九城湖滨国际,2室2厅1厨1卫,高楼层(共14层),97.76㎡,平层,板楼,南北,2007,精装,钢混结构,,一梯两户,有,商品房,普通住宅,暂无数据
万科城花新园3室2厅101.37平米_上海万科城花新园二手房成交房源(上海链家),650,64122,闵行,七宝,万科城花新园,3室2厅1厨1卫,中楼层(共13层),101.37㎡,平层,板楼,南,2014,精装,钢混结构,,一梯两户,有,商品房,普通住宅,暂无数据
竹园高层3室1厅78.89平米_上海竹园高层二手房成交房源(上海链家),585,74091,浦东,源深,竹园高层,3室1厅1厨1卫,低楼层(共26层),78.89㎡,平层,塔楼,南北,1989,精装,钢混结构,,两梯八户,有,商品房,普通住宅,暂无数据
万科魅力之城3室2厅124.96平米_上海万科魅力之城二手房成交房源(上海链家),680,54418,闵行,七宝,万科魅力之城,3室2厅1厨2卫,高楼层(共6层),124.96㎡,暂无数据,板楼,南,2004,简装,钢混结构,,一梯两户,无,商品房,普通住宅,暂无数据
东礁一村2室1厅76.7平米_上海东礁一村二手房成交房源(上海链家),94,12256,金山,石化,东礁一村,2室1厅1厨1卫,低楼层(共25层),76.7㎡,平层,塔楼,南西,1996,简装,钢混结构,,两梯六户,有,商品房,普通住宅,暂无数据
万科优诗美地5室2厅192.68平米_上海万科优诗美地二手房成交房源(上海链家),1028,53353,闵行,七宝,万科优诗美地,5室2厅1厨3卫,高楼层(共11层),192.68㎡,平层,板楼,南,2000,精装,钢混结构,,一梯四户,有,商品房,花园洋房,暂无数据
万寿新村(青浦)2室1厅57.24平米_上海万寿新村(青浦)二手房成交房源(上海链家),153,26730,青浦,盈浦,万寿新村(青浦),2室1厅1厨1卫,高楼层(共6层),57.24㎡,平层,板楼,南,1995,简装,砖混结构,,一梯六户,无,商品房,普通住宅,暂无数据
大西小区2室0厅46.94平米_上海大西小区二手房成交房源(上海链家),280,59651,虹口,曲阳,大西小区,2室0厅1厨1卫,中楼层(共5层),46.94㎡,平层,板楼,南北,1976,简装,砖混结构,,一梯五户,无,商品房,普通住宅,暂无数据
沁春园一村2室1厅63.53平米_上海沁春园一村二手房成交房源(上海链家),263,41398,闵行,莘庄,沁春园一村,2室1厅1厨1卫,高楼层(共6层),63.53㎡,平层,板楼,南,1996,毛坯,砖混结构,,一梯两户,无,商品房,普通住宅,暂无数据
德州六村1室1厅43.17平米_上海德州六村二手房成交房源(上海链家),207,47950,浦东,世博,德州六村,1室1厅1厨1卫,高楼层(共6层),43.17㎡,平层,板楼,南,1990,简装,砖混结构,,一梯三户,无,商品房,普通住宅,暂无数据
塘和家园登云苑3室1厅81平米_上海塘和家园登云苑二手房成交房源(上海链家),229,28272,松江,泗泾,塘和家园登云苑,3室1厅1厨1卫,中楼层(共15层),81㎡,暂无数据,板楼,南,2015,简装,钢混结构,,两梯四户,有,动迁安置房,普通住宅,暂无数据
月浦八村2室0厅60.28平米_上海月浦八村二手房成交房源(上海链家),167,27705,宝山,月浦,月浦八村,2室0厅1厨1卫,低楼层(共18层),60.28㎡,平层,塔楼,南,1995,简装,钢混结构,,两梯八户,有,商品房,普通住宅,暂无数据
运光小区1室1厅43.14平米_上海运光小区二手房成交房源(上海链家),246,57024,虹口,曲阳,运光小区,1室1厅1厨1卫,中楼层(共5层),43.14㎡,平层,板楼,南,1985,简装,砖混结构,,一梯四户,无,商品房,普通住宅,暂无数据
逸仙二村2室1厅62.84平米_上海逸仙二村二手房成交房源(上海链家),283,45036,宝山,高境,逸仙二村,2室1厅1厨1卫,低楼层(共6层),62.84㎡,平层,板楼,南,1995,毛坯,砖混结构,,一梯四户,无,商品房,普通住宅,暂无数据
玉屏南路725号1室0厅30.35平米_上海玉屏南路725号二手房成交房源(上海链家),175,57661,长宁,中山公园,玉屏南路725号,1室0厅1厨1卫,低楼层(共6层),30.35㎡,平层,板楼,北,1984,简装,砖混结构,,一梯七户,无,商品房,普通住宅,暂无数据
秀苑小区2室1厅74.01平米_上海秀苑小区二手房成交房源(上海链家),445,60128,虹口,凉城,秀苑小区,2室1厅1厨1卫,低楼层(共6层),74.01㎡,平层,板楼,南,1996,精装,砖混结构,,一梯四户,无,商品房,普通住宅,暂无数据
上海派2室1厅69平米_上海上海派二手房成交房源(上海链家),213,30870,嘉定,安亭,上海派,2室1厅1厨1卫,低楼层(共17层),69㎡,平层,板楼,南,未知,简装,钢混结构,,两梯五户,有,商品房,普通住宅,暂无数据
南桥小区2室1厅64.38平米_上海南桥小区二手房成交房源(上海链家),220,34173,浦东,川沙,南桥小区,2室1厅1厨1卫,高楼层(共6层),64.38㎡,平层,板楼,南,1991,精装,砖混结构,,一梯两户,无,商品房,普通住宅,暂无数据
光新苑2室0厅51.44平米_上海光新苑二手房成交房源(上海链家),245,47629,普陀,光新,光新苑,2室0厅1厨1卫,高楼层(共7层),51.44㎡,平层,板楼,南,1987,简装,钢混结构,,一梯七户,无,商品房,普通住宅,暂无数据
菊泉新城(菊泉街39弄)2室2厅80.79平米_上海菊泉新城(菊泉街39弄)二手房成交房源(上海链家),271,33544,宝山,顾村,菊泉新城(菊泉街39弄),2室2厅1厨1卫,中楼层(共14层),80.79㎡,平层,板楼,东南,2005,精装,钢混结构,,一梯四户,有,动迁安置房,普通住宅,暂无数据
新凯一期2室1厅77.47平米_上海新凯一期二手房成交房源(上海链家),240,30980,松江,泗泾,新凯一期,2室1厅1厨1卫,低楼层(共11层),77.47㎡,平层,板楼,西南,2008,精装,钢混结构,,一梯四户,有,商品房,普通住宅,暂无数据
高行绿洲(五期)2室1厅80.08平米_上海高行绿洲(五期)二手房成交房源(上海链家),298,37213,浦东,高行,高行绿洲(五期),2室1厅1厨1卫,低楼层(共14层),80.08㎡,暂无数据,板楼,南,2010,毛坯,钢混结构,,一梯两户,有,动迁安置房,普通住宅,暂无数据
瑞和华苑北区1室1厅60.81平米_上海瑞和华苑北区二手房成交房源(上海链家),172,28236,闵行,浦江,瑞和华苑北区,1室1厅1厨1卫,中楼层(共11层),60.81㎡,平层,板楼,南,2013,简装,钢混结构,,一梯三户,有,动迁安置房,普通住宅,暂无数据
新南家园2室2厅90.2平米_上海新南家园二手房成交房源(上海链家),208,23060,奉贤,西渡,新南家园,2室2厅1厨1卫,高楼层(共6层),90.2㎡,平层,板楼,南北,2006,其他,钢混结构,,一梯两户,无,商品房,普通住宅,暂无数据
赤峰小区1室1厅40.93平米_上海赤峰小区二手房成交房源(上海链家),278,67921,虹口,曲阳,赤峰小区,1室1厅1厨1卫,中楼层(共13层),40.93㎡,平层,板楼,南,1986,精装,钢混结构,,一梯七户,有,商品房,普通住宅,暂无数据
保利湖畔阳光苑2室2厅90.49平米_上海保利湖畔阳光苑二手房成交房源(上海链家),328,36248,嘉定,嘉定新城,保利湖畔阳光苑,2室2厅1厨1卫,中楼层(共14层),90.49㎡,平层,板楼,南北,2012,精装,钢混结构,,一梯两户,有,商品房,普通住宅,暂无数据
艾格美国际公寓1室2厅67.57平米_上海艾格美国际公寓二手房成交房源(上海链家),700,103597,静安,南京西路,艾格美国际公寓,1室2厅1厨1卫,高楼层(共33层),67.57㎡,平层,板楼,南,2006,精装,钢混结构,,两梯四户,有,商品房,普通住宅,暂无数据
中信泰富又一城2室2厅89.62平米_上海中信泰富又一城二手房成交房源(上海链家),352,39277,嘉定,嘉定新城,中信泰富又一城,2室2厅1厨1卫,低楼层(共36层),89.62㎡,暂无数据,板楼,南北,2011,精装,钢混结构,,两梯八户,有,商品房,普通住宅,暂无数据
奥林匹克花园3室2厅106.01平米_上海奥林匹克花园二手房成交房源(上海链家),445,41978,松江,九亭,奥林匹克花园,3室2厅1厨2卫,中楼层(共5层),106.01㎡,平层,板楼,南北,未知,简装,钢混结构,,一梯两户,无,商品房,普通住宅,暂无数据
金家巷小区2室1厅52.46平米_上海金家巷小区二手房成交房源(上海链家),504,96036,静安,曹家渡,金家巷小区,2室1厅1厨1卫,中楼层(共7层),52.46㎡,平层,板楼,西北,1987,精装,砖混结构,,一梯五户,无,商品房,普通住宅,暂无数据
旭辉华庭2室2厅85.68平米_上海旭辉华庭二手房成交房源(上海链家),340,39683,嘉定,嘉定新城,旭辉华庭,2室2厅1厨1卫,高楼层(共18层),85.68㎡,暂无数据,板楼,南北,未知,精装,钢混结构,,两梯四户,有,商品房,普通住宅,暂无数据
华亭公寓2室2厅106平米_上海华亭公寓二手房成交房源(上海链家),288,27170,松江,松江新城,华亭公寓,2室2厅1厨1卫,中楼层(共16层),106㎡,平层,板楼,南,2007,精装,钢混结构,,一梯三户,有,商品房,普通住宅,暂无数据
爱博二村1室1厅58.86平米_上海爱博二村二手房成交房源(上海链家),285,48420,闵行,华漕,爱博二村,1室1厅0厨1卫,高楼层(共13层),58.86㎡,暂无数据,板楼,南,2009,精装,钢混结构,,一梯四户,有,商品房,普通住宅,暂无数据
吴东小区2室1厅51.13平米_上海吴东小区二手房成交房源(上海链家),370,72365,徐汇,徐家汇,吴东小区,2室1厅1厨1卫,中楼层(共6层),51.13㎡,平层,板楼,南,1988,精装,砖混结构,,一梯四户,无,商品房,普通住宅,暂无数据
龙山新村2室0厅40.6平米_上海龙山新村二手房成交房源(上海链家),231,56897,徐汇,万体馆,龙山新村,2室0厅1厨1卫,高楼层(共4层),40.6㎡,平层,板楼,南北,1953,简装,砖混结构,,一梯六户,无,商品房,普通住宅,暂无数据
山康花苑1室2厅62.69平米_上海山康花苑二手房成交房源(上海链家),95,15154,金山,金山,山康花苑,1室2厅1厨1卫,中楼层(共6层),62.69㎡,平层,板楼,南,2013,毛坯,钢混结构,,一梯两户,无,商品房,普通住宅,暂无数据
金鼎香樟苑(西区)2室2厅85.5平米_上海金鼎香樟苑(西区)二手房成交房源(上海链家),402,47018,嘉定,丰庄,金鼎香樟苑(西区),2室2厅1厨1卫,高楼层(共18层),85.5㎡,暂无数据,板楼,北南,2012,其他,钢混结构,,两梯三户,有,商品房,普通住宅,暂无数据
园南一村2室1厅47.6平米_上海园南一村二手房成交房源(上海链家),401,84139,徐汇,植物园,园南一村,2室1厅1厨1卫,高楼层(共6层),47.6㎡,平层,板楼,南,1988,精装,砖混结构,,一梯三户,无,商品房,普通住宅,暂无数据
博安苑2室1厅61.69平米_上海博安苑二手房成交房源(上海链家),413,66867,浦东,北蔡,博安苑,2室1厅1厨1卫,中楼层(共6层),61.69㎡,平层,板楼,南北,2004,精装,钢混结构,,一梯两户,无,商品房,普通住宅,暂无数据
中建锦绣天地2室2厅80.7平米_上海中建锦绣天地二手房成交房源(上海链家),502,62206,青浦,徐泾,中建锦绣天地,2室2厅1厨1卫,中楼层(共18层),80.7㎡,平层,板楼,西南,2016,精装,钢混结构,,两梯四户,有,商品房,普通住宅,暂无数据
丰水宝邸(东苑)1室1厅50.48平米_上海丰水宝邸(东苑)二手房成交房源(上海链家),192,37936,宝山,顾村,丰水宝邸(东苑),1室1厅1厨1卫,低楼层(共6层),50.48㎡,平层,板楼,南,2005,精装,钢混结构,,一梯两户,无,商品房,普通住宅,暂无数据
澳门公寓4室1厅124.1平米_上海澳门公寓二手房成交房源(上海链家),781,62934,普陀,长寿路,澳门公寓,4室1厅1厨1卫,中楼层(共20层),124.1㎡,平层,塔楼,南,1998,精装,钢混结构,,两梯六户,有,商品房,普通住宅,暂无数据
花木苑3室1厅95.31平米_上海花木苑二手房成交房源(上海链家),654,68566,浦东,花木,花木苑,3室1厅1厨1卫,高楼层(共6层),95.31㎡,平层,板楼,南,2000,简装,钢混结构,,一梯两户,无,商品房,普通住宅,暂无数据
万科公园大道3室2厅94.66平米_上海万科公园大道二手房成交房源(上海链家),445,47011,闵行,老闵行,万科公园大道,3室2厅1厨2卫,高楼层(共28层),94.66㎡,平层,板楼,南,2016,其他,钢混结构,,一梯两户,有,商品房,普通住宅,暂无数据
崧泽华城佳福雅苑（六区）3室1厅96.76平米_上海崧泽华城佳福雅苑（六区）二手房成交房源(上海链家),274,28297,青浦,赵巷,崧泽华城佳福雅苑（六区）,3室1厅1厨1卫,高楼层(共17层),96.76㎡,暂无数据,板楼,南北,2014,简装,钢混结构,,两梯四户,有,动迁安置房,普通住宅,暂无数据
阳明国际花苑四期3室1厅126.28平米_上海阳明国际花苑四期二手房成交房源(上海链家),623,49335,闵行,莘庄,阳明国际花苑四期,3室1厅1厨2卫,低楼层(共11层),126.28㎡,平层,板楼,南,2003,简装,钢混结构,,一梯两户,有,商品房,普通住宅,暂无数据
安图新村1室1厅28.12平米_上海安图新村二手房成交房源(上海链家),170,60456,杨浦,黄兴公园,安图新村,1室1厅1厨1卫,中楼层(共6层),28.12㎡,平层,板楼,南,1978,简装,砖混结构,,一梯四户,无,商品房,普通住宅,暂无数据
中房森林别墅5室2厅481.09平米_上海中房森林别墅二手房成交房源(上海链家),1760,36584,闵行,马桥,中房森林别墅,5室2厅1厨4卫,低楼层(共2层),481.09㎡,暂无数据,板楼,南,2006,精装,钢混结构,,一梯一户,无,商品房,别墅,暂无数据
运河新村(南桥)2室1厅58.13平米_上海运河新村(南桥)二手房成交房源(上海链家),116,19956,奉贤,南桥,运河新村(南桥),2室1厅1厨1卫,中楼层(共5层),58.13㎡,平层,板楼,南,1990,简装,砖混结构,,一梯四户,无,商品房,普通住宅,暂无数据
由由三村2室1厅56.99平米_上海由由三村二手房成交房源(上海链家),329,57730,浦东,北蔡,由由三村,2室1厅1厨1卫,中楼层(共6层),56.99㎡,暂无数据,板楼,南北,1997,简装,砖混结构,,一梯四户,无,商品房,普通住宅,暂无数据
南山雨果(公寓)2室2厅71平米_上海南山雨果(公寓)二手房成交房源(上海链家),325,45775,青浦,徐泾,南山雨果(公寓),2室2厅1厨1卫,中楼层(共7层),71㎡,平层,板楼,南,2015,精装,钢混结构,,两梯四户,有,商品房,普通住宅,暂无数据
丰庄十四街坊2室1厅71.09平米_上海丰庄十四街坊二手房成交房源(上海链家),288,40442,嘉定,丰庄,丰庄十四街坊,2室1厅1厨1卫,高楼层(共6层),71.09㎡,平层,板楼,南,1998,精装,砖混结构,,一梯两户,无,商品房,普通住宅,暂无数据
金融家2室2厅99.63平米_上海金融家二手房成交房源(上海链家),430,43160,浦东,唐镇,金融家,2室2厅1厨1卫,低楼层(共8层),99.63㎡,平层,板楼,南,2015,精装,钢混结构,,两梯四户,有,商品房,普通住宅,暂无数据
梅陇八村1室1厅41.1平米_上海梅陇八村二手房成交房源(上海链家),212,51582,徐汇,华东理工,梅陇八村,1室1厅1厨1卫,高楼层(共6层),41.1㎡,平层,板楼,南,1993,精装,砖混结构,,一梯四户,无,商品房,普通住宅,暂无数据
龙南五村2室1厅55.74平米_上海龙南五村二手房成交房源(上海链家),338,60514,徐汇,龙华,龙南五村,2室1厅1厨1卫,中楼层(共6层),55.74㎡,平层,板楼,南,1995,精装,砖混结构,,一梯两户,无,商品房,普通住宅,暂无数据
黎安一村（南区）1室1厅41.9平米_上海黎安一村（南区）二手房成交房源(上海链家),197,47017,闵行,莘庄,黎安一村（南区）,1室1厅1厨1卫,低楼层(共6层),41.9㎡,平层,板楼,南,1994,简装,砖混结构,,一梯两户,无,商品房,普通住宅,暂无数据
松花江路223弄1室1厅42.36平米_上海松花江路223弄二手房成交房源(上海链家),222,52408,杨浦,黄兴公园,松花江路223弄,1室1厅1厨1卫,中楼层(共6层),42.36㎡,平层,板楼,南,1985,毛坯,砖混结构,,一梯四户,无,商品房,普通住宅,暂无数据
凤凰小区2室1厅46.1平米_上海凤凰小区二手房成交房源(上海链家),140,30369,松江,松江老城,凤凰小区,2室1厅1厨1卫,高楼层(共6层),46.1㎡,平层,板楼,南,1992,简装,砖混结构,,一梯四户,无,商品房,普通住宅,暂无数据
新闵小区2室1厅59.56平米_上海新闵小区二手房成交房源(上海链家),192,32237,闵行,老闵行,新闵小区,2室1厅1厨1卫,低楼层(共6层),59.56㎡,平层,板楼,南,1987,简装,砖混结构,,一梯五户,无,商品房,普通住宅,暂无数据
高兴花园1室1厅47.69平米_上海高兴花园二手房成交房源(上海链家),303,63536,闵行,春申,高兴花园,1室1厅1厨1卫,中楼层(共6层),47.69㎡,暂无数据,板楼,南,1996,其他,砖混结构,,一梯四户,无,商品房,普通住宅,暂无数据
宝石公寓2室1厅73.24平米_上海宝石公寓二手房成交房源(上海链家),405,55298,长宁,古北,宝石公寓,2室1厅1厨1卫,中楼层(共6层),73.24㎡,平层,板楼,南,1991,精装,砖混结构,,一梯两户,无,商品房,普通住宅,暂无数据
济阳一村1室1厅43.18平米_上海济阳一村二手房成交房源(上海链家),218,50487,浦东,世博,济阳一村,1室1厅0厨1卫,中楼层(共6层),43.18㎡,平层,板楼,南,1989,简装,砖混结构,,一梯三户,无,商品房,普通住宅,暂无数据
临汾路1244弄2室1厅63.28平米_上海临汾路1244弄二手房成交房源(上海链家),350,55310,静安,彭浦,临汾路1244弄,2室1厅1厨1卫,中楼层(共6层),63.28㎡,暂无数据,板楼,南,1994,简装,砖混结构,,一梯两户,无,商品房,普通住宅,暂无数据
圣鑫苑2室2厅112.51平米_上海圣鑫苑二手房成交房源(上海链家),390,34664,浦东,周浦,圣鑫苑,2室2厅1厨1卫,低楼层(共18层),112.51㎡,平层,板楼,南,2008,其他,钢混结构,,一梯两户,有,商品房,普通住宅,暂无数据
蒙自路395弄2室0厅48.9平米_上海蒙自路395弄二手房成交房源(上海链家),384,78426,黄浦,五里桥,蒙自路395弄,2室0厅1厨1卫,中楼层(共7层),48.9㎡,平层,板楼,东南南,1987,简装,钢混结构,,一梯八户,无,商品房,普通住宅,暂无数据
联鑫坊2室1厅81.1平米_上海联鑫坊二手房成交房源(上海链家),415,51172,浦东,高行,联鑫坊,2室1厅1厨1卫,低楼层(共6层),81.1㎡,暂无数据,板楼,南,2001,精装,砖混结构,,一梯两户,无,商品房,普通住宅,暂无数据
银春小区3室1厅75.59平米_上海银春小区二手房成交房源(上海链家),242,32015,闵行,颛桥,银春小区,3室1厅1厨1卫,低楼层(共6层),75.59㎡,平层,板楼,南,2004,毛坯,钢混结构,,一梯两户,无,商品房,普通住宅,暂无数据
广洋苑3室2厅99.51平米_上海广洋苑二手房成交房源(上海链家),842,84615,浦东,金杨,广洋苑,3室2厅1厨2卫,低楼层(共6层),99.51㎡,平层,板楼,南北,2002,简装,钢混结构,,一梯两户,无,商品房,普通住宅,暂无数据
远景佳苑一期2室2厅89.49平米_上海远景佳苑一期二手房成交房源(上海链家),505,56431,宝山,大华,远景佳苑一期,2室2厅1厨1卫,高楼层(共6层),89.49㎡,暂无数据,板楼,南北,2001,精装,钢混结构,,一梯两户,无,商品房,普通住宅,暂无数据
中环一号(三期)2室2厅87.6平米_上海中环一号(三期)二手房成交房源(上海链家),506,57706,宝山,大华,中环一号(三期),2室2厅1厨1卫,低楼层(共18层),87.6㎡,平层,板楼,南,2014,精装,钢混结构,,两梯三户,有,商品房,普通住宅,暂无数据
虹霞小区1室1厅33.07平米_上海虹霞小区二手房成交房源(上海链家),193,58362,长宁,仙霞,虹霞小区,1室1厅0厨1卫,低楼层(共6层),33.07㎡,平层,板楼,南,1987,精装,砖混结构,,一梯三户,无,商品房,普通住宅,暂无数据
真建一小区2室1厅57.99平米_上海真建一小区二手房成交房源(上海链家),242,41732,普陀,桃浦,真建一小区,2室1厅1厨1卫,低楼层(共6层),57.99㎡,暂无数据,板楼,南,1994,精装,砖混结构,,一梯四户,无,商品房,普通住宅,暂无数据
沪东新村1室1厅36.75平米_上海沪东新村二手房成交房源(上海链家),148,40273,浦东,金桥,沪东新村,1室1厅1厨1卫,中楼层(共6层),36.75㎡,平层,板楼,南,1985,精装,砖混结构,,一梯三户,无,商品房,普通住宅,暂无数据
朗诗未来街区3室2厅86平米_上海朗诗未来街区二手房成交房源(上海链家),230,26745,奉贤,奉贤金汇,朗诗未来街区,3室2厅1厨1卫,中楼层(共18层),86㎡,平层,板楼,南北,未知,其他,钢混结构,,两梯四户,有,商品房,普通住宅,暂无数据
梅岭苑2室2厅98.81平米_上海梅岭苑二手房成交房源(上海链家),515,52121,普陀,曹杨,梅岭苑,2室2厅1厨1卫,低楼层(共24层),98.81㎡,平层,塔楼,南,1999,精装,钢混结构,,两梯十户,有,商品房,普通住宅,暂无数据
中城绿苑车位21.38平米_上海中城绿苑二手房成交房源(上海链家),20,9355,闵行,春申,中城绿苑,车位,低楼层(共1层),21.38㎡,暂无数据,板楼,南,未知,其他,钢混结构,,暂无数据,无,商品房,车库,暂无数据
康沁苑3室2厅119.48平米_上海康沁苑二手房成交房源(上海链家),748,62605,徐汇,康健,康沁苑,3室2厅1厨2卫,高楼层(共6层),119.48㎡,复式,板楼,南北,1999,精装,钢混结构,,一梯两户,无,商品房,普通住宅,暂无数据
芳雅苑2室1厅59.14平米_上海芳雅苑二手房成交房源(上海链家),261,44065,浦东,北蔡,芳雅苑,2室1厅1厨1卫,高楼层(共7层),59.14㎡,平层,板楼,南,1995,精装,钢混结构,,一梯四户,无,商品房,普通住宅,暂无数据
外滩992室2厅97.98平米_上海外滩99二手房成交房源(上海链家),712,72668,虹口,四川北路,外滩99,2室2厅1厨1卫,低楼层(共32层),97.98㎡,暂无数据,板楼,南,2007,精装,钢混结构,,两梯六户,有,商品房,普通住宅,暂无数据
永泰花苑1室1厅54.94平米_上海永泰花苑二手房成交房源(上海链家),322,58610,浦东,三林,永泰花苑,1室1厅1厨1卫,中楼层(共12层),54.94㎡,暂无数据,板楼,南,2005,精装,钢混结构,,一梯四户,有,动迁安置房,普通住宅,暂无数据
静安新城十一区1室1厅48.68平米_上海静安新城十一区二手房成交房源(上海链家),263,53986,闵行,静安新城,静安新城十一区,1室1厅0厨1卫,高楼层(共6层),48.68㎡,平层,板楼,南,1997,精装,砖混结构,,一梯两户,无,商品房,普通住宅,暂无数据
富特四村2室1厅69.71平米_上海富特四村二手房成交房源(上海链家),273,39163,浦东,外高桥,富特四村,2室1厅1厨1卫,低楼层(共6层),69.71㎡,平层,板楼,南,1993,精装,砖混结构,,一梯四户,无,商品房,普通住宅,暂无数据
虹古大楼2室1厅76.96平米_上海虹古大楼二手房成交房源(上海链家),425,55224,长宁,仙霞,虹古大楼,2室1厅0厨1卫,高楼层(共24层),76.96㎡,平层,塔楼,西南,1993,精装,钢混结构,,两梯八户,有,商品房,普通住宅,暂无数据
新高苑(二期)1室1厅53.7平米_上海新高苑(二期)二手房成交房源(上海链家),254,47207,浦东,高行,新高苑(二期),1室1厅1厨1卫,高楼层(共11层),53.7㎡,平层,板楼,南,2008,简装,钢混结构,,一梯四户,有,动迁安置房,普通住宅,暂无数据
丽都华庭2室2厅86.32平米_上海丽都华庭二手房成交房源(上海链家),216,25024,浦东,泥城镇,丽都华庭,2室2厅0厨1卫,中楼层(共12层),86.32㎡,平层,板楼,南,2014,精装,钢混结构,,一梯两户,有,商品房,普通住宅,暂无数据
海悦花园3室2厅148.68平米_上海海悦花园二手房成交房源(上海链家),1455,97862,黄浦,打浦桥,海悦花园,3室2厅1厨2卫,高楼层(共37层),148.68㎡,平层,板楼,南,2004,精装,钢混结构,,两梯三户,有,商品房,普通住宅,暂无数据
闻喜小区1室1厅45.12平米_上海闻喜小区二手房成交房源(上海链家),196,43440,静安,彭浦,闻喜小区,1室1厅1厨1卫,中楼层(共6层),45.12㎡,平层,板楼,南,1986,简装,砖混结构,,一梯六户,无,商品房,普通住宅,暂无数据
香楠小区2室1厅63.29平米_上海香楠小区二手房成交房源(上海链家),332,52457,浦东,张江,香楠小区,2室1厅1厨1卫,高楼层(共6层),63.29㎡,平层,板楼,南,1995,精装,砖混结构,,一梯四户,无,商品房,普通住宅,暂无数据
古北菊翔苑(菊联路232弄)2室2厅74.23平米_上海古北菊翔苑(菊联路232弄)二手房成交房源(上海链家),300,40415,宝山,顾村,古北菊翔苑(菊联路232弄),2室2厅0厨1卫,低楼层(共8层),74.23㎡,平层,板楼,南北,2008,精装,钢混结构,,一梯三户,有,商品房,普通住宅,暂无数据
宝景苑2室2厅88.52平米_上海宝景苑二手房成交房源(上海链家),470,53096,宝山,淞南,宝景苑,2室2厅1厨1卫,中楼层(共11层),88.52㎡,平层,板楼,南北,2008,精装,钢混结构,,一梯两户,有,商品房,普通住宅,暂无数据
思浦小区1室1厅37.74平米_上海思浦小区二手房成交房源(上海链家),150,39746,浦东,杨思前滩,思浦小区,1室1厅0厨1卫,低楼层(共6层),37.74㎡,平层,板楼,南,1989,简装,砖混结构,,一梯四户,无,商品房,普通住宅,暂无数据
缘圆宝邸2室2厅72.91平米_上海缘圆宝邸二手房成交房源(上海链家),365,50062,嘉定,江桥,缘圆宝邸,2室2厅1厨1卫,中楼层(共7层),72.91㎡,平层,板楼,南,2008,精装,钢混结构,,一梯四户,有,商品房,普通住宅,暂无数据
樱花坊2室2厅77.49平米_上海樱花坊二手房成交房源(上海链家),630,81301,浦东,花木,樱花坊,2室2厅1厨1卫,低楼层(共6层),77.49㎡,平层,板楼,南,1995,精装,砖混结构,,一梯两户,无,商品房,普通住宅,暂无数据
绿地香颂(奉贤)(公寓)2室1厅65.13平米_上海绿地香颂(奉贤)(公寓)二手房成交房源(上海链家),88,13512,奉贤,海湾,绿地香颂(奉贤)(公寓),2室1厅1厨1卫,低楼层(共8层),65.13㎡,平层,板楼,南,2013,精装,钢混结构,,两梯十二户,有,商品房,普通住宅,暂无数据
民乐小区3室2厅114.36平米_上海民乐小区二手房成交房源(上海链家),338,29556,松江,松江老城,民乐小区,3室2厅1厨2卫,中楼层(共6层),114.36㎡,平层,板楼,南,1997,精装,砖混结构,,一梯两户,无,商品房,普通住宅,暂无数据
凯阳公寓2室1厅82.47平米_上海凯阳公寓二手房成交房源(上海链家),559,67783,杨浦,周家嘴路,凯阳公寓,2室1厅0厨1卫,高楼层(共24层),82.47㎡,平层,塔楼,南西北,1999,简装,钢混结构,,两梯七户,有,商品房,普通住宅,暂无数据
凯阳公寓2室1厅82.47平米_上海凯阳公寓二手房成交房源(上海链家),559,67783,杨浦,周家嘴路,凯阳公寓,2室1厅0厨1卫,高楼层(共24层),82.47㎡,平层,塔楼,南西北,1999,简装,钢混结构,,两梯七户,有,商品房,普通住宅,暂无数据
景峰苑2室0厅53.97平米_上海景峰苑二手房成交房源(上海链家),293,54290,静安,阳城,景峰苑,2室0厅1厨1卫,中楼层(共6层),53.97㎡,暂无数据,板楼,南,1995,其他,砖混结构,,一梯四户,无,商品房,普通住宅,暂无数据
世纪新城2室2厅89.06平米_上海世纪新城二手房成交房源(上海链家),287,32226,松江,松江新城,世纪新城,2室2厅1厨1卫,低楼层(共11层),89.06㎡,平层,板楼,南,2003,精装,钢混结构,,一梯两户,有,商品房,普通住宅,暂无数据
胶南小区1室1厅36.62平米_上海胶南小区二手房成交房源(上海链家),163,44512,浦东,南码头,胶南小区,1室1厅1厨1卫,高楼层(共6层),36.62㎡,平层,板楼,南,1979,简装,砖混结构,,一梯四户,无,商品房,普通住宅,暂无数据
广场大厦4室2厅184.91平米_上海广场大厦二手房成交房源(上海链家),908,49105,长宁,古北,广场大厦,4室2厅1厨2卫,高楼层(共20层),184.91㎡,平层,塔楼,南,1994,精装,钢混结构,,两梯五户,有,商品房,普通住宅,暂无数据
江苏路499弄1室1厅41.23平米_上海江苏路499弄二手房成交房源(上海链家),279,67670,长宁,镇宁路,江苏路499弄,1室1厅1厨1卫,中楼层(共7层),41.23㎡,平层,板楼,南,1996,简装,钢混结构,,一梯四户,无,商品房,普通住宅,暂无数据
梅川一街坊2室1厅57.64平米_上海梅川一街坊二手房成交房源(上海链家),373,64713,普陀,长风,梅川一街坊,2室1厅1厨1卫,中楼层(共6层),57.64㎡,平层,板楼,南,1991,精装,砖混结构,,一梯两户,无,商品房,普通住宅,暂无数据
上海源花城3室2厅135.33平米_上海上海源花城二手房成交房源(上海链家),455,33622,松江,九亭,上海源花城,3室2厅1厨2卫,中楼层(共17层),135.33㎡,平层,板楼,南,2006,毛坯,钢混结构,,两梯两户,有,商品房,普通住宅,暂无数据
上大阳光乾恩园2室2厅107.73平米_上海上大阳光乾恩园二手房成交房源(上海链家),435,40379,宝山,上大,上大阳光乾恩园,2室2厅1厨1卫,低楼层(共10层),107.73㎡,平层,板楼,南,2003,精装,钢混结构,,一梯两户,有,商品房,普通住宅,暂无数据
惠益新苑2室1厅78.69平米_上海惠益新苑二手房成交房源(上海链家),193,24527,浦东,惠南,惠益新苑,2室1厅1厨1卫,低楼层(共18层),78.69㎡,平层,板楼,南,2014,简装,钢混结构,,两梯四户,有,动迁安置房,普通住宅,暂无数据
惠益新苑2室1厅79平米_上海惠益新苑二手房成交房源(上海链家),190,24051,浦东,惠南,惠益新苑,2室1厅1厨1卫,高楼层(共14层),79㎡,平层,板楼,南北,2014,毛坯,钢混结构,,两梯四户,有,动迁安置房,普通住宅,暂无数据
崧泽华城华中苑2室2厅79.65平米_上海崧泽华城华中苑二手房成交房源(上海链家),179,22474,青浦,赵巷,崧泽华城华中苑,2室2厅1厨1卫,高楼层(共18层),79.65㎡,平层,板楼,南,未知,毛坯,钢混结构,,两梯四户,有,动迁安置房,普通住宅,暂无数据
虹浦新城南区2室1厅77.15平米_上海虹浦新城南区二手房成交房源(上海链家),247,32016,闵行,浦江,虹浦新城南区,2室1厅1厨1卫,高楼层(共9层),77.15㎡,平层,板楼,南北,2008,其他,钢混结构,,一梯三户,有,商品房,普通住宅,暂无数据
九龙仓兰宫3室2厅157平米_上海九龙仓兰宫二手房成交房源(上海链家),840,53504,松江,松江大学城,九龙仓兰宫,3室2厅1厨2卫,低楼层(共3层),157㎡,复式,板楼,南,2014,其他,钢混结构,,一梯四户,无,商品房,别墅,暂无数据
当代高邸3室2厅105.37平米_上海当代高邸二手房成交房源(上海链家),520,49350,宝山,上大,当代高邸,3室2厅1厨1卫,低楼层(共6层),105.37㎡,暂无数据,板楼,南,2003,简装,钢混结构,,一梯两户,无,商品房,普通住宅,暂无数据
中环国际公寓(二期)1室2厅56.91平米_上海中环国际公寓(二期)二手房成交房源(上海链家),311,54648,宝山,共康,中环国际公寓(二期),1室2厅1厨1卫,中楼层(共17层),56.91㎡,平层,板楼,南,2015,精装,钢混结构,,两梯四户,有,商品房,普通住宅,暂无数据
中山北路805弄1室1厅30.85平米_上海中山北路805弄二手房成交房源(上海链家),213,69044,静安,大宁,中山北路805弄,1室1厅1厨1卫,中楼层(共6层),30.85㎡,平层,板楼,南,1989,精装,砖混结构,,一梯四户,无,商品房,普通住宅,暂无数据
森安苑2室1厅70.58平米_上海森安苑二手房成交房源(上海链家),280,39672,闵行,春申,森安苑,2室1厅1厨1卫,低楼层(共6层),70.58㎡,平层,板楼,南,2002,简装,钢混结构,,一梯两户,无,商品房,普通住宅,暂无数据
崧泽华城华中苑2室2厅79.65平米_上海崧泽华城华中苑二手房成交房源(上海链家),172,21532,青浦,赵巷,崧泽华城华中苑,2室2厅1厨1卫,低楼层(共18层),79.65㎡,平层,暂无数据,南,未知,毛坯,未知结构,,一梯四户,暂无数据,动迁安置房,普通住宅,暂无数据
摩卡小城2室2厅92.34平米_上海摩卡小城二手房成交房源(上海链家),412,44618,松江,九亭,摩卡小城,2室2厅1厨1卫,高楼层(共11层),92.34㎡,平层,板楼,南北,2009,精装,钢混结构,,一梯两户,有,商品房,普通住宅,暂无数据
金领国际(公寓)2室1厅71.42平米_上海金领国际(公寓)二手房成交房源(上海链家),260,36405,浦东,曹路,金领国际(公寓),2室1厅0厨1卫,高楼层(共11层),71.42㎡,平层,板楼,南,2009,精装,钢混结构,,一梯四户,有,商品房,普通住宅,暂无数据
乾溪新村1室0厅32.05平米_上海乾溪新村二手房成交房源(上海链家),152,47426,宝山,大场镇,乾溪新村,1室0厅1厨1卫,中楼层(共5层),32.05㎡,平层,板楼,南,1993,精装,砖混结构,,一梯六户,无,商品房,普通住宅,暂无数据
梅园四街坊2室1厅56.66平米_上海梅园四街坊二手房成交房源(上海链家),625,110308,浦东,梅园,梅园四街坊,2室1厅1厨1卫,高楼层(共6层),56.66㎡,平层,板楼,南,1989,精装,砖混结构,,一梯两户,无,售后公房,普通住宅,暂无数据
天柱山路小区1室1厅36.19平米_上海天柱山路小区二手房成交房源(上海链家),300,82896,黄浦,蓬莱公园,天柱山路小区,1室1厅1厨1卫,中楼层(共6层),36.19㎡,平层,板楼,南,1993,简装,砖混结构,,一梯五户,无,商品房,普通住宅,暂无数据
又一村(静安)3室2厅115.47平米_上海又一村(静安)二手房成交房源(上海链家),710,61488,静安,江宁路,又一村(静安),3室2厅1厨2卫,低楼层(共7层),115.47㎡,平层,板楼,南,1999,精装,钢混结构,,一梯两户,无,商品房,普通住宅,暂无数据
延长小区(普陀)1室1厅40.34平米_上海延长小区(普陀)二手房成交房源(上海链家),215,53297,普陀,甘泉宜川,延长小区(普陀),1室1厅0厨1卫,中楼层(共6层),40.34㎡,暂无数据,板楼,南,1986,其他,砖混结构,,一梯六户,无,商品房,普通住宅,暂无数据
红旗五村2室1厅54.4平米_上海红旗五村二手房成交房源(上海链家),162,29780,闵行,老闵行,红旗五村,2室1厅1厨1卫,中楼层(共6层),54.4㎡,平层,板楼,南,1988,精装,砖混结构,,一梯四户,无,商品房,普通住宅,暂无数据
黄山始信苑2室0厅54.91平米_上海黄山始信苑二手房成交房源(上海链家),545,99254,浦东,金杨,黄山始信苑,2室0厅1厨1卫,中楼层(共5层),54.91㎡,暂无数据,板楼,南,1999,其他,砖混结构,,一梯两户,无,商品房,普通住宅,暂无数据
古楼新苑1室1厅68.01平米_上海古楼新苑二手房成交房源(上海链家),199,29158,松江,泗泾,古楼新苑,1室1厅1厨1卫,低楼层(共14层),68.01㎡,平层,板楼,南,2013,毛坯,钢混结构,,一梯三户,有,动迁安置房,普通住宅,暂无数据
安化路421号1室1厅39.49平米_上海安化路421号二手房成交房源(上海链家),245,62042,长宁,中山公园,安化路421号,1室1厅1厨1卫,低楼层(共2层),39.49㎡,平层,板楼,南,1990,简装,混合结构,,一梯一户,无,商品房,普通住宅,暂无数据
新丰公寓2室1厅75.37平米_上海新丰公寓二手房成交房源(上海链家),200,26536,青浦,华新,新丰公寓,2室1厅1厨1卫,高楼层(共18层),75.37㎡,暂无数据,板楼,南北,2014,简装,钢混结构,,两梯四户,有,动迁安置房,普通住宅,暂无数据
东南新村(浦东)2室1厅39.45平米_上海东南新村(浦东)二手房成交房源(上海链家),240,60837,浦东,陆家嘴,东南新村(浦东),2室1厅1厨1卫,高楼层(共6层),39.45㎡,平层,板楼,南,1980,精装,砖混结构,,一梯四户,无,商品房,普通住宅,暂无数据
丰庄十四街坊2室1厅73.29平米_上海丰庄十四街坊二手房成交房源(上海链家),315,42980,嘉定,丰庄,丰庄十四街坊,2室1厅1厨1卫,高楼层(共6层),73.29㎡,复式,板楼,南,1998,简装,砖混结构,,一梯两户,无,商品房,普通住宅,暂无数据
常发豪庭国际1室1厅53.44平米_上海常发豪庭国际二手房成交房源(上海链家),246,46033,嘉定,嘉定新城,常发豪庭国际,1室1厅1厨1卫,低楼层(共18层),53.44㎡,平层,板楼,南,2013,精装,钢混结构,,两梯四户,有,商品房,普通住宅,暂无数据
浦发绿城永泰路2079弄2室1厅74.48平米_上海浦发绿城永泰路2079弄二手房成交房源(上海链家),349,46859,浦东,三林,浦发绿城永泰路2079弄,2室1厅1厨1卫,中楼层(共7层),74.48㎡,平层,板楼,南北,2004,精装,钢混结构,,一梯两户,无,商品房,普通住宅,暂无数据
合生城邦四街坊2室2厅90.28平米_上海合生城邦四街坊二手房成交房源(上海链家),346,38270,闵行,老闵行,合生城邦四街坊,2室2厅1厨1卫,中楼层(共18层),90.28㎡,平层,板楼,南北,2012,精装,钢混结构,,两梯三户,有,商品房,普通住宅,暂无数据
金地湾流域（二期569弄）2室2厅87.05平米_上海金地湾流域（二期569弄）二手房成交房源(上海链家),707,81161,浦东,三林,金地湾流域（二期569弄）,2室2厅1厨1卫,高楼层(共14层),87.05㎡,平层,板塔结合,南,2009,精装,钢混结构,,两梯四户,有,商品房,普通住宅,暂无数据
金榜新苑3室2厅127.14平米_上海金榜新苑二手房成交房源(上海链家),439,34529,闵行,颛桥,金榜新苑,3室2厅1厨2卫,低楼层(共14层),127.14㎡,平层,板楼,南,2010,毛坯,钢混结构,,一梯两户,有,动迁安置房,普通住宅,暂无数据
李园二村1室1厅44.57平米_上海李园二村二手房成交房源(上海链家),124,27710,嘉定,嘉定老城,李园二村,1室1厅1厨1卫,高楼层(共6层),44.57㎡,平层,板楼,南,1987,精装,砖混结构,,一梯三户,无,商品房,普通住宅,暂无数据
现代缘墅4室2厅274平米_上海现代缘墅二手房成交房源(上海链家),1700,62044,闵行,莘庄,现代缘墅,4室2厅1厨2卫,低楼层(共3层),274㎡,暂无数据,板楼,南,2002,精装,钢混结构,,一梯一户,无,商品房,别墅,暂无数据
新城悠活城2室2厅96.47平米_上海新城悠活城二手房成交房源(上海链家),298,30891,嘉定,菊园新区,新城悠活城,2室2厅1厨1卫,低楼层(共25层),96.47㎡,平层,板楼,南,未知,精装,钢混结构,,两梯三户,有,商品房,普通住宅,暂无数据
上海康城4室2厅144.95平米_上海上海康城二手房成交房源(上海链家),550,37945,闵行,莘庄,上海康城,4室2厅1厨2卫,高楼层(共11层),144.95㎡,复式,板楼,南,2001,简装,钢混结构,,两梯四户,有,商品房,普通住宅,暂无数据
中山新村1室1厅39.08平米_上海中山新村二手房成交房源(上海链家),279,71393,徐汇,斜土路,中山新村,1室1厅1厨1卫,中楼层(共6层),39.08㎡,平层,板楼,南,1984,精装,砖混结构,,一梯五户,无,商品房,普通住宅,暂无数据
嘉亭菁苑2室2厅99.5平米_上海嘉亭菁苑二手房成交房源(上海链家),323,32463,嘉定,安亭,嘉亭菁苑,2室2厅1厨1卫,中楼层(共27层),99.5㎡,平层,板塔结合,南,2011,精装,钢混结构,,两梯三户,有,商品房,普通住宅,暂无数据
新华小区1室1厅42.21平米_上海新华小区二手房成交房源(上海链家),131,31036,闵行,老闵行,新华小区,1室1厅1厨1卫,高楼层(共6层),42.21㎡,平层,板楼,南,1992,精装,砖混结构,,一梯四户,无,商品房,普通住宅,暂无数据
梅园六街坊1室0厅36.8平米_上海梅园六街坊二手房成交房源(上海链家),535,145381,浦东,梅园,梅园六街坊,1室0厅1厨1卫,高楼层(共6层),36.8㎡,平层,板楼,南,1993,简装,砖混结构,,一梯四户,无,商品房,普通住宅,暂无数据
海珀日晖3室2厅293.86平米_上海海珀日晖二手房成交房源(上海链家),2520,85756,黄浦,世博滨江,海珀日晖,3室2厅1厨3卫,低楼层(共22层),293.86㎡,平层,板楼,南,2010,精装,钢混结构,,两梯两户,有,商品房,普通住宅,暂无数据
锦绣江南(四期)4室2厅158平米_上海锦绣江南(四期)二手房成交房源(上海链家),1290,81646,闵行,金汇,锦绣江南(四期),4室2厅1厨2卫,高楼层(共12层),158㎡,暂无数据,板楼,南,2005,精装,钢混结构,,一梯两户,有,商品房,普通住宅,暂无数据
申舟明林苑3室2厅127.69平米_上海申舟明林苑二手房成交房源(上海链家),1036,81134,浦东,洋泾,申舟明林苑,3室2厅1厨2卫,高楼层(共14层),127.69㎡,错层,板楼,南,2003,简装,钢混结构,,一梯两户,有,商品房,普通住宅,暂无数据
浦江世博家园十三街坊2室2厅80.37平米_上海浦江世博家园十三街坊二手房成交房源(上海链家),325,40438,闵行,浦江,浦江世博家园十三街坊,2室2厅1厨1卫,低楼层(共5层),80.37㎡,平层,板楼,南,2006,精装,钢混结构,,一梯两户,无,商品房,普通住宅,暂无数据
绿地观邸2室2厅103.75平米_上海绿地观邸二手房成交房源(上海链家),305,29398,奉贤,南桥,绿地观邸,2室2厅1厨1卫,高楼层(共28层),103.75㎡,平层,板楼,南,2010,精装,钢混结构,,一梯四户,有,商品房,普通住宅,暂无数据
龙柏六村3室1厅73.28平米_上海龙柏六村二手房成交房源(上海链家),410,55950,闵行,龙柏,龙柏六村,3室1厅1厨1卫,低楼层(共6层),73.28㎡,平层,板楼,南,1995,其他,砖混结构,,一梯两户,无,商品房,普通住宅,暂无数据
江桥二村2室1厅58.76平米_上海江桥二村二手房成交房源(上海链家),210,35739,嘉定,江桥,江桥二村,2室1厅1厨1卫,中楼层(共6层),58.76㎡,平层,板楼,南,1994,简装,砖混结构,,一梯四户,无,商品房,普通住宅,暂无数据
城开珑庭2室2厅91平米_上海城开珑庭二手房成交房源(上海链家),555,60990,闵行,梅陇,城开珑庭,2室2厅1厨1卫,中楼层(共26层),91㎡,平层,板楼,南,未知,精装,钢混结构,,两梯三户,有,商品房,普通住宅,暂无数据
海派青城2室1厅78平米_上海海派青城二手房成交房源(上海链家),218,27949,松江,新桥,海派青城,2室1厅1厨1卫,高楼层(共14层),78㎡,平层,板楼,南,2011,精装,钢混结构,,一梯三户,有,商品房,普通住宅,暂无数据
济阳二村1室1厅46.74平米_上海济阳二村二手房成交房源(上海链家),214,45786,浦东,世博,济阳二村,1室1厅1厨1卫,高楼层(共6层),46.74㎡,暂无数据,板楼,南,1993,简装,砖混结构,,一梯三户,无,商品房,普通住宅,暂无数据
万佳苑2室1厅67.95平米_上海万佳苑二手房成交房源(上海链家),400,58867,杨浦,黄兴公园,万佳苑,2室1厅1厨1卫,中楼层(共6层),67.95㎡,平层,板楼,南北,1998,简装,砖混结构,,一梯两户,无,商品房,普通住宅,暂无数据
绿洲康城亲水湾(东区)2室2厅97.24平米_上海绿洲康城亲水湾(东区)二手房成交房源(上海链家),512,52654,浦东,御桥,绿洲康城亲水湾(东区),2室2厅1厨1卫,中楼层(共12层),97.24㎡,平层,板楼,南,2010,精装,钢混结构,,一梯三户,有,商品房,普通住宅,暂无数据
高行绿洲(五期)1室1厅54.1平米_上海高行绿洲(五期)二手房成交房源(上海链家),223,41128,浦东,高行,高行绿洲(五期),1室1厅1厨1卫,中楼层(共14层),54.1㎡,暂无数据,板楼,南,2010,简装,钢混结构,,一梯两户,有,动迁安置房,普通住宅,暂无数据
罗山一村1室1厅47.5平米_上海罗山一村二手房成交房源(上海链家),260,54632,浦东,金杨,罗山一村,1室1厅1厨1卫,中楼层(共6层),47.5㎡,平层,板楼,南,1993,简装,砖混结构,,一梯四户,无,商品房,普通住宅,暂无数据
高兴花园1室1厅47.69平米_上海高兴花园二手房成交房源(上海链家),300,62907,闵行,春申,高兴花园,1室1厅1厨1卫,中楼层(共6层),47.69㎡,暂无数据,板楼,南,1996,其他,砖混结构,,一梯四户,无,商品房,普通住宅,暂无数据
松花江路95弄3室2厅80.81平米_上海松花江路95弄二手房成交房源(上海链家),452,55934,杨浦,黄兴公园,松花江路95弄,3室2厅1厨2卫,中楼层(共7层),80.81㎡,平层,板楼,东南北,1998,精装,钢混结构,,一梯两户,无,商品房,普通住宅,暂无数据
文化名园1室1厅54平米_上海文化名园二手房成交房源(上海链家),318,58889,杨浦,五角场,文化名园,1室1厅1厨1卫,高楼层(共6层),54㎡,平层,板楼,南,2003,精装,钢混结构,,一梯三户,无,商品房,普通住宅,暂无数据
文华苑(宝山)1室2厅62.57平米_上海文华苑(宝山)二手房成交房源(上海链家),329,52502,宝山,大华,文华苑(宝山),1室2厅1厨1卫,低楼层(共6层),62.57㎡,平层,板楼,南,1998,其他,砖混结构,,一梯两户,无,商品房,普通住宅,暂无数据
佳境苑3室1厅81.66平米_上海佳境苑二手房成交房源(上海链家),235,28778,宝山,罗店,佳境苑,3室1厅1厨1卫,高楼层(共18层),81.66㎡,平层,板楼,南,2015,精装,钢混结构,,一梯五户,有,商品房,普通住宅,暂无数据
长风三村1室0厅32.81平米_上海长风三村二手房成交房源(上海链家),175,53186,普陀,长风,长风三村,1室0厅1厨1卫,低楼层(共6层),32.81㎡,平层,板楼,南,1980,简装,砖混结构,,一梯四户,无,商品房,普通住宅,暂无数据
银都新村(8至10区)2室1厅63平米_上海银都新村(8至10区)二手房成交房源(上海链家),300,47620,闵行,颛桥,银都新村(8至10区),2室1厅1厨1卫,高楼层(共6层),63㎡,平层,板楼,南,1995,精装,砖混结构,,一梯四户,无,商品房,普通住宅,暂无数据
中远两湾城3室2厅131.57平米_上海中远两湾城二手房成交房源(上海链家),908,69013,普陀,中远两湾城,中远两湾城,3室2厅1厨2卫,中楼层(共34层),131.57㎡,平层,板楼,东南北,2002,简装,钢混结构,,两梯三户,有,商品房,普通住宅,暂无数据
鸿宝一村(南区)3室1厅87.78平米_上海鸿宝一村(南区)二手房成交房源(上海链家),158,18000,奉贤,西渡,鸿宝一村(南区),3室1厅1厨1卫,高楼层(共6层),87.78㎡,平层,板楼,南,1997,简装,砖混结构,,一梯两户,无,商品房,普通住宅,暂无数据
欣乐苑1室1厅54.1平米_上海欣乐苑二手房成交房源(上海链家),161,29760,青浦,华新,欣乐苑,1室1厅1厨1卫,低楼层(共18层),54.1㎡,平层,板楼,南,2013,简装,钢混结构,,一梯四户,暂无数据,动迁安置房,普通住宅,暂无数据
中春三水苑3室2厅124.04平米_上海中春三水苑二手房成交房源(上海链家),519,41842,闵行,春申,中春三水苑,3室2厅1厨2卫,中楼层(共12层),124.04㎡,平层,板楼,南北,2011,毛坯,钢混结构,,一梯两户,有,动迁安置房,普通住宅,暂无数据
丽园新村1室0厅23.18平米_上海丽园新村二手房成交房源(上海链家),208,89733,黄浦,五里桥,丽园新村,1室0厅1厨1卫,高楼层(共6层),23.18㎡,平层,板楼,北,1980,精装,砖混结构,,一梯九户,无,商品房,普通住宅,暂无数据
邮电二村2室1厅66.04平米_上海邮电二村二手房成交房源(上海链家),468,70867,虹口,曲阳,邮电二村,2室1厅0厨1卫,高楼层(共24层),66.04㎡,暂无数据,塔楼,东西,1994,毛坯,钢混结构,,两梯八户,有,商品房,普通住宅,暂无数据
齐河花苑2室1厅64.29平米_上海齐河花苑二手房成交房源(上海链家),354,55060,浦东,世博,齐河花苑,2室1厅1厨1卫,高楼层(共6层),64.29㎡,平层,板楼,南,1997,简装,砖混结构,,一梯两户,无,商品房,普通住宅,暂无数据
